harmonized	original
Tallinn	Tallinn
Tartu	Tartu
Tartu	Dorpat
St. Petersburg	St. Petersburg
Pärnu	Pärnu
Viljandi	Viljandi
Stockholm	Stockholm
Riga	Riga
Helsinki	Helsinki
Toronto	Toronto
Kuressaare	Kuressaare
Narva	Narva
Lohkva	Lohkva
Rakvere	Rakvere
Võru	Võru
Paide	Paide
Lund	Lund
Haapsalu	Haapsalu
Tallinn	Revel
Berlin	Berlin
Riga	Riia
Leipzig	Leipzig
New York	New York
Tallinn	Tallinna
Valga	Valga
Moskva	Moskva
Jõgeva	Jõgeva
Uppsala	Uppsala
London	London
Paris	Paris
Göteborg	Göteborg
Rapla	Rapla
Saue	Saue
Vilnius	Vilnius
Keila	Keila
Kärdla	Kärdla
Helsinki	Helsingi
St. Petersburg	Peterburi
Kohtla-Järve	Kohtla-Järve
Budapest	Budapest
Hamburg	Hamburg
Põlva	Põlva
München	München
Elva	Elva
Riga	Rīga
Habaja	Habaja
Jõhvi	Jõhvi
Szczecin	Szczecin
Metsakasti	Metsakasti
Viljandi	Fellin
St. Petersburg	Peterburg
Praha	Praha
Sauga	Sauga
Turku	Turku
Viljandi	Wiljandi
Tõrva	Tõrva
Warszawa	Warszawa
Adelaide	Adelaide
Aespa	Aespa
Vadstena	Vadstena
Stuttgart	Stuttgart
Heilbronn	Heilbronn
Liivamäe	Liivamäe
Jyväskylä	Jyväskylä
Jena	Jena
Viimsi	Viimsi
Räpina	Räpina
Habaja	Habaja (Harjumaa)
Frankfurt am Main	Frankfurt am Main
Jädivere	Jädivere
Tartu	Tartu (Dorpat)
Aegviidu	Aegviidu
Rostock	Rostock
Riga	Rīgā
Sydney	Sydney
Muraste	Muraste
Uuesalu	Uuesalu
Copenhagen	Copenhagen
Jäneda	Jäneda
Porvoo	Porvoo
Wien	Wien
Tabasalu	Tabasalu
Amsterdam	Amsterdam
Tampere	Tampere
Göttingen	Göttingen
Oslo	Oslo
Stockholm	Stokholm
Lübeck	Lübeck
Augsburg	Augsburg
Halle	Halle
Köln	Köln
Turku	Åbo
Copenhagen	København
Washington, D.C	Washington, D.C
Harkujärve	Harkujärve
Melbourne	Melbourne
Harkujärve	Harkujärve küla
Väike-Maarja	Väike-Maarja
Haabneeme	Haabneeme
Lihula	Lihula
Värska	Värska
Ülenurme	Ülenurme
Baltimore	Baltimore
Bonn	Bonn
Hannover-Döhren	Hannover-Döhren
Moskva	Moskwa
Otepää	Otepää
Petseri	Petseri
Kiel	Kiel
Los Angeles	Los Angeles
Lüneburg	Lüneburg
Pärnu-Jaagupi	Pärnu-Jaagupi
Saarbrücken	Saarbrücken
Tõravere	Tõravere
Helsinki	Helsingfors
Vantaa	Vantaa
Bratislava	Bratislava
Nõo	Nõo
Maardu	Maardu
Imavere	Imavere
Luige (Harjumaa)	Luige (Harjumaa)
St. Petersburg	Petrograd
Puhja (Tartumaa)	Puhja (Tartumaa)
Iisaku	Iisaku
Koidu (Harjumaa)	Koidu (Harjumaa)
Dorpati	Dorpati
Kilingi-Nõmme	Kilingi-Nõmme
Sillamäe	Sillamäe
Weimar	Weimar
Brüssel	Brüssel
Heidelberg	Heidelberg
Kaunas	Kaunas
Märjamaa	Märjamaa
Oulu	Oulu
Wiesbaden	Wiesbaden
Kadrina	Kadrina
Roma	Roma
Strasbourg	Strasbourg
Wrocław	Wrocław
Greifswald	Greifswald
Jüri	Jüri
Kanepi	Kanepi
Kose-Uuemõisa	Kose-Uuemõisa
Moskva	Moscow
Nõmme [Tallinn]	Nõmme [Tallinn]
Vancouver	Vancouver
Leeningrad [!]	Leeningrad [!]
Rakvere	Rakwere
Tammneeme	Tammneeme
Montreal	Montreal
Obinitsa	Obinitsa
Tõrvandi	Tõrvandi
Erlangen	Erlangen
Kadrina [Lääne-Virumaa]	Kadrina [Lääne-Virumaa]
Kuusalu	Kuusalu
Roma	Rooma
St. Petersburg	St.-Pétersbourg
Geneva	Geneva
Moskva	Moskau
Brooklyn	Brooklyn
Kuressaare	Kingissepa
Oberpahlen	Oberpahlen
Pärnamäe	Pärnamäe
Alliku (Harjumaa)	Alliku (Harjumaa)
Borås	Borås
Hämeenlinna	Hämeenlinna
Käsmu	Käsmu
Abja-Paluoja	Abja-Paluoja
Giessen	Giessen
Jädivere	Jädivere küla
Leiden	Leiden
Muhu	Muhu
Muraste	Muraste (Harjumaa)
Vääna-Jõesuu	Vääna-Jõesuu
Chicago	Chicago
Ilmatsalu	Ilmatsalu
Kehtna	Kehtna
Milano	Milano
Münster	Münster
Nõmme [Tallinn]	Nõmme (Tallinn)
Palamuse	Palamuse
Tübingen	Tübingen
Viimsi (Harjumaa)	Viimsi (Harjumaa)
Örebro	Örebro
Antsla	Antsla
Bremen	Bremen
Jälgimäe	Jälgimäe
Koeru	Koeru
Narva-Jõesuu	Narva-Jõesuu
Paldiski	Paldiski
Basingstoke	Basingstoke
Kuopio	Kuopio
Philadelphia	Philadelphia
Suure-Jaani	Suure-Jaani
Zürich	Zürich
Imavere	Imavere [Järvamaa]
Kambja	Kambja
Karksi-Nuia	Karksi-Nuia
Kullamaa	Kullamaa
Leeningrad [!]	Leeningraad [!]
Lüganuse	Lüganuse
Minneapolis	Minneapolis
Niagara Falls (Kanada)	Niagara Falls (Kanada)
Omsk	Omsk
Puurmani	Puurmani
Põltsamaal	Põltsamaal
The Hague	The Hague
Alatskivi	Alatskivi
Aruvalla küla	Aruvalla küla
Brüssel	Bruxelles
Dresden	Dresden
Helme	Helme
Hilana	Hilana
Kadrina [Lääne-Virumaa]	Kadrina (Lääne-Virumaa)
Mustvee	Mustvee
Paduvere	Paduvere
Szombathely	Szombathely
Tallinn	Tallinn (Reval)
Tila küla	Tila küla
Tokyo	Tokyo
Varbuse	Varbuse
[Viborg], Taani	[Viborg], Taani
Bielefeld	Bielefeld
Darmstadt	Darmstadt
Haanja	Haanja
Imavere	Imavere (Järvamaa)
Joensuu	Joensuu
Järvakandi	Järvakandi
Copenhagen	Kopenhaagen
Krakow	Krakow
Kündja	Kündja
Luunja	Luunja
Norrköping	Norrköping
Rõngu	Rõngu
Zagreb	Zagreb
Abja	Abja
Augsburg-Hochfeld	Augsburg-Hochfeld
Braunschweig	Braunschweig
Wrocław	Breslau
Brüssel	Brussels
Järva-Jaani	Järva-Jaani
Jõelähtme	Jõelähtme
Malmö	Malmö
Marburg	Marburg
Mäetaguse	Mäetaguse
Nõmme [Tallinn]	Nõmmel [Tallinn]
Nürnberg	Nürnberg
Vana-Vigala	Vana-Vigala
Vastseliina	Vastseliina
Basel	Basel
Espoo	Espoo
Flensburg	Flensburg
Haapsalu	Hapsal
Järvaküla (Tartumaa)	Järvaküla (Tartumaa)
Karlsruhe	Karlsruhe
Kihnu	Kihnu
Kiili	Kiili
Kiviõli	Kiviõli
Kloogaranna	Kloogaranna
Koguva	Koguva
Krakow	Kraków
Leppneeme	Leppneeme
Linköping	Linköping
Luton	Luton
Madrid	Madrid
Melliste	Melliste
Roela	Roela
Tallinn	Tallin
Barcelona	Barcelona
Boston	Boston
Bucuresti	Bucuresti
Hannover	Hannover
Jelgava	Jelgava
Juuru	Juuru
Kehra	Kehra
Kündja	Kündja (Võrumaa)
Laiuse	Laiuse
Ljubljana	Ljubljana
Madise (Harjumaa)	Madise (Harjumaa)
Olustvere	Olustvere
Peetri (Harjumaa)	Peetri (Harjumaa)
Porkuni	Porkuni
Riga	Rigā
Kilingi-Nõmme	Saarde
Tallinn	Tallina
Vormsi	Vormsi
Bromma	Bromma
Cardiff	Cardiff
Danzig	Danzig
Erfurt	Erfurt
Gotha	Gotha
Haljala [Lääne-Virumaa]	Haljala [Lääne-Virumaa]
Häädemeeste	Häädemeeste
Oomiste	Oomiste
Petroskoi	Petroskoi
Pinneberg	Pinneberg
Portland	Portland
Püünsi	Püünsi
Seattle	Seattle
St. Petersburg	St. Peterburg
Toila	Toila
Würzburg	Würzburg
Arles	Arles
Avinurme	Avinurme
Dordrecht	Dordrecht
Geneva	Genf
Copenhagen	Kopenhagen
Laiuse	Laiuse [Jõgevamaa]
Lohusalu	Lohusalu
Magdeburg	Magdeburg
Moskva	Moscou
Oldenburg	Oldenburg
Piaseczno	Piaseczno
Pilistvere	Pilistvere
Pürksi	Pürksi
Ruhnu	Ruhnu
Slovakia	Slovakia
Tarto-linan	Tarto-linan
Tartu	Tartu-Dorpat
Torino	Torino
Vaida	Vaida
Warszawa	Warsaw
Turku	Abo
Aruküla	Aruküla
Aruvalla küla	Aruvalla
Bucuresti	Bucureşti
Eskilstuna	Eskilstuna
Frankfurt am Main	Frankfurt
Kassel	Kassel
Kohtla-Nõmme	Kohtla-Nõmme
Lümanda	Lümanda
Montfort-en-Chalosse	Montfort-en-Chalosse
Moskva	Moskova
Mõdriku (Lääne-Virumaa)	Mõdriku (Lääne-Virumaa)
Paali	Paali
Painküla (Jõgevamaa)	Painküla (Jõgevamaa)
Punsa	Punsa
Salzburg	Salzburg
Serga (Võrumaa)	Serga (Võrumaa)
Sihva [Valgamaa]	Sihva [Valgamaa]
Soinaste (Tartumaa)	Soinaste (Tartumaa)
Stade	Stade
Södertälje	Södertälje
Tahkuranna	Tahkuranna
Tartu	Tartto
Torma	Torma
Umeå	Umeå
Vaasa	Vaasa
Vaela	Vaela
Woodsville (N.H.)	Woodsville (N.H.)
Buffalo	Buffalo
Cēsis	Cēsis
Tartu	Derpt
Frankfurt am Main	Frankfurt/Main
Glasgow	Glasgow
Haabneeme	Haabneeme [Harjumaa]
Hilden	Hilden
Hildesheim	Hildesheim
Järveküla	Järveküla
Kiisa	Kiisa
Kurgja	Kurgja
Laulasmaa	Laulasmaa
Loksa	Loksa
Luhametsa	Luhametsa
Mallika	Mallika
Marburg	Marburg/Lahn
Melliste	Melliste (Tartumaa)
Mähkli	Mähkli
Mõdriku (Lääne-Virumaa)	Mõdriku
Padise	Padise
Peetri (Harjumaa)	Peetri [Harjumaa]
Rovaniemi	Rovaniemi
Ruhingu	Ruhingu
Saaremaa, [Kuressaare]	Saaremaa, [Kuressaare]
Schwarzenbek	Schwarzenbek
Tartu	Tartumaa
Tarvastu	Tarvastu
Tudulinna	Tudulinna
Tõstamaa	Tõstamaa
Väimela	Väimela
Alphen aan den Rijn	Alphen aan den Rijn
Cleveland	Cleveland
Frederikshavn	Frederikshavn
Haabneeme	Haabneeme (Harjumaa)
Harku vald	Harku vald
Helmstedt	Helmstedt
Helsingborg	Helsingborg
Husum	Husum
Kallavere	Kallavere
Karilatsi	Karilatsi
Kose-Uuemõisa	Kose (Harjumaa)
Kuremäe	Kuremäe
Copenhagen	Köpenhamn
Liiküla	Liiküla
Ottawa	Ottawa
Potsdam	Potsdam
Pudisoo	Pudisoo
Puhja	Puhja
Roma	Rome
Salt Lake City	Salt Lake City
Saue	Saue (Harjumaa)
Tabivere	Tabivere
Tihemetsa	Tihemetsa
Uuemõisa	Uuemõisa
Valmiera	Valmiera
Viitna	Viitna
Võduvere	Võduvere
Võru	Werro
Alu (Raplamaa)	Alu (Raplamaa)
Ambla	Ambla
Amherst (Mass.)	Amherst (Mass.)
Aruvalla küla	Aruvalla (Harjumaa)
Aseri	Aseri
Berlin	Berliin
Cincinnati	Cincinnati
Columbia, in the USA	Columbia, in the USA
Darmstadt-Eberstadt [Saksamaa]	Darmstadt-Eberstadt [Saksamaa]
Groningen	Groningen
Gørløse	Gørløse
Gütersloh	Gütersloh
Haljala	Haljala
Halle	Halle (Saale)
Hiiumaa	Hiiumaa
Illuka	Illuka
Kiev	Kiev
Copenhagen	Kobenhavn
Koeru	Koeru [Järvamaa]
Käina	Käina
Königstein im Taunus	Königstein im Taunus
Lehtse	Lehtse
Leisi	Leisi
Linaküla	Linaküla
Lublin	Lublin
Meiningen	Meiningen
Metsanurme	Metsanurme
Mikitamäe	Mikitamäe
Mikkeli	Mikkeli
Mooste	Mooste
Slovakia	Mulgimaa
Newcastle upon Tyne	Newcastle upon Tyne
Odense	Odense
Painküla (Jõgevamaa)	Painküla
Pulli (Pärnumaa)	Pulli (Pärnumaa)
Punsa	Punsa (Võrumaa)
Reola	Reola
Revaliae	Revaliae
Salmistu	Salmistu
Szombathely	Savariae [i.e. Szombathely]
Shkup	Shkup
Strasbourg	Strassburg
Suurupi	Suurupi
Szolnok	Szolnok
Tabasalu	Tabasalu [Harjumaa]
Tammneeme	Tammneeme küla
Uusvada	Uusvada
Vaivara	Vaivara
Valkla	Valkla
Vana-Võidu	Vana-Võidu
Velise	Velise
Viru-Nigula	Viru-Nigula
Visby	Visby
Västerås	Västerås
Võsivere	Võsivere
Võsu	Võsu
Washington, D.C	Washington (D.C.)
[Grēnes] Latvia	[Grēnes] Latvia
Alexandria (Virginia)	Alexandria (Virginia)
Alu (Raplamaa)	Alu [Raplamaa]
Ann Arbor	Ann Arbor
Annikoru	Annikoru
Arvika	Arvika
Baile Átha Cliath	Baile Átha Cliath
Beau Bassin	Beau Bassin
Beograd	Beograd
Bologna	Bologna
Bradford	Bradford
Brno	Brno
Debrecen	Debrecen
Detmold	Detmold
Essen	Essen
Danzig	Gdańsk
Germany	Germany
Hageri	Hageri
Hilana	Hilana (Võrumaa)
Holstre	Holstre
Huddinge	Huddinge
Huuksi	Huuksi
Ilmandu	Ilmandu
Imavere	Imavere [Järvamaa
Innsbruck	Innsbruck
Juva	Juva
Kata küla (Kose vald)	Kata küla (Kose vald)
Kauniainen	Kauniainen
Klooga	Klooga
Kodijärve	Kodijärve
Kolga (Harjumaa)	Kolga (Harjumaa)
Kuremaa	Kuremaa
Saaremaa, [Kuressaare]	Kuresaar [s.o. Kuressaare
Tila küla	Kõrveküla (Tartumaa)
Lahti	Lahti
Lanham	Lanham
Lappeenranta	Lappeenranta
Leedu	Leedu
Lemmatsi	Lemmatsi
Leuven	Leuven
Loo (Harjumaa)	Loo (Harjumaa)
Matsalu	Matsalu
Montreal	Montréal
Märja	Märja
Mārupe	Mārupe
New York	New-York
Norderstedt	Norderstedt
Orissaare	Orissaare
Osula	Osula
Otepää	Otepääl
Paderborn	Paderborn
Paikuse	Paikuse
Palade	Palade
Palamuse (Jõgevamaa)	Palamuse (Jõgevamaa)
Peedu	Peedu
Pfullingen	Pfullingen
Päidla	Päidla
Põlula	Põlula
Riga	RIGA
Reinbek bei Hamburg	Reinbek bei Hamburg
Riga	Rîga
Saue	Saue [Harjumaa]
Savariae	Savariae
Scarborough (Ontario)	Scarborough (Ontario)
Schwerin	Schwerin
Serga (Võrumaa)	Serga
Szczecin	Stettin
Tallinn	Taanilinn
Taebla	Taebla
Talliinan	Talliinan
Tamsalu	Tamsalu
Tarto-linan	Tarto-Linan
Tartu / Ihaste	Tartu / Ihaste
Treimani	Treimani
Tubala	Tubala
Uzsgorod	Uzsgorod
Warszawa	Varssavi
Vasalemma	Vasalemma
Vasula (Tartumaa)	Vasula (Tartumaa)
Viimsi (Harjumaa)	Viimsi [Harjumaa]
Århus	Århus
Õssu	Õssu
Århus	Aarhus
Aldershot	Aldershot
Alliku küla	Alliku küla
Amherst (Mass.)	Amherst, Mass.
Aravete	Aravete
Arvidsjaur [Rootsi]	Arvidsjaur [Rootsi]
Audru [Pärnumaa]	Audru [Pärnumaa]
Badacsonytördemic	Badacsonytördemic
Berkeley	Berkeley
Bern	Bern
Bloomington (Ind.)	Bloomington (Ind.)
Caen	Caen
Columbus (Ohio)	Columbus (Ohio)
Daugavpils	Daugavpils
Tartu	Dorpat (Tartu)
EU:ssa	EU:ssa
Tallinn	Eesti, [Tallinn]
Freiburg	Freiburg
Görlitz	Görlitz
Hamburg-Rahlstedt	Hamburg-Rahlstedt
Heimtali	Heimtali
Hummuli	Hummuli
Hüüru	Hüüru
Istanbul	Istanbul
Jerusalem	Jerusalem
Juuru	Juuru [Raplamaa]
Jädivere (Raplamaa)	Jädivere (Raplamaa)
Jõgevamaa	Jõgevamaa
Jüri	Jüri (Harjumaa)
Kaigutsi	Kaigutsi
Kanavere	Kanavere
Kangru alevik	Kangru alevik
Karinu	Karinu
Kassari	Kassari
Kelvingi (Harjumaa)	Kelvingi (Harjumaa)
Kemi	Kemi
Kiidjärve	Kiidjärve
Kilingi-Nõmme	Kilingi[-Nõmme]
Kista	Kista
Kiwimäe-Nõmme-Seewald [Tallinn]	Kiwimäe-Nõmme-Seewald [Tallinn]
Copenhagen	Kjøbenhavn
Kolga (Harjumaa)	Kolga [Harjumaa]
Koonga	Koonga
Kotinuka	Kotinuka
Kuivastu	Kuivastu
Kumla	Kumla
Küttejõu	Küttejõu
Laagri [Harjumaa]	Laagri [Harjumaa]
Lagedi	Lagedi
Lalsi (Viljandimaa)	Lalsi (Viljandimaa)
Lausanne	Lausanne
Leevaku	Leevaku
Leicester	Leicester
Lewiston	Lewiston
Linköping	Linköping [Sweden]
Lohusalu	Lohusalu (Harjumaa)
Loodi	Loodi
Luhametsa	Luhametsa küla
Luua	Luua
Luunja [Tartumaa]	Luunja [Tartumaa]
Maarja-Magdaleena	Maarja-Magdaleena
Mainz	Mainz
Mannheim	Mannheim
Manniva	Manniva
Marburg	Marburg an der Lahn
Marseille	Marseille
Meremäe	Meremäe
Mõedaka	Mõedaka
Mölndal	Mölndal
Narva-Joaoru	Narva-Joaoru
Novi Ligure	Novi Ligure
Orjaku	Orjaku
Paistu	Paistu
Pirgu	Pirgu
Metsakasti	Pirita [Tallinn]
Portland	Portland (Oregon)
Pürksi [Läänemaa]	Pürksi [Läänemaa]
Püünsi	Püünsi (Harjumaa)
Raasiku	Raasiku
Rae	Rae
Randers	Randers
Randvere [Harjumaa]	Randvere [Harjumaa]
Regensburg	Regensburg
Reo küla	Reo küla
Riga	Rija
Roosna-Alliku	Roosna-Alliku
Roskilde	Roskilde
Saku [Harjumaa]	Saku [Harjumaa]
St. Petersburg	Sankt-Peterburg
Schwabach	Schwabach
Sigtuna	Sigtuna
Sõmerpalu	Sõmerpalu
Taaralinn	Taaralinn
Tallinn	Tallinnan
Tartu	Tarbatu
Tarto-linan	Tarto linan
Tbilisi	Tbilisi
Slovakia	Tehrpatâ
Tiranë	Tiranë
Todmorden	Todmorden
Tokyo	Tokio
Tollarp	Tollarp
Tondi [Tallinn	Tondi [Tallinn
Stockholm	Tukholma
Utrecht	Utrecht
Valjala	Valjala
Varnja	Varnja
Vasalemma	Vasalemma (Harjumaa)
Veibri	Veibri
Vidrike	Vidrike
Vinni	Vinni
Virtsu	Virtsu
Tallinn	[Tallinn]
Αθήνα	Αθήνα
Aachen	Aachen
Adavere	Adavere
Aegviidu	Aegviidu [Harjumaa]
Ahtme	Ahtme
Albu [Järvamaa]	Albu [Järvamaa]
Altona	Altona
Anija	Anija
Ann Arbor	Ann Arbor (Mich.)
Annikoru (Tartumaa)	Annikoru (Tartumaa)
Anseküla	Anseküla
Antwerpen	Antwerpen
Aruküla (Harjumaa)	Aruküla (Harjumaa)
Aspach	Aspach
Assamalla	Assamalla
Αθήνα	Ateena
Aude (Harjumaa)	Aude (Harjumaa)
Augsburg	Augsburg-Hochfeld [Saksamaa]
Belfast	Belfast
Bergisch Gladbach	Bergisch Gladbach
Berlin-Lichterfelde	Berlin-Lichterfelde
Berlin-Steglitz	Berlin-Steglitz
Birmingham	Birmingham
Bochum	Bochum
Borrby, Vormsi	Borrby, Vormsi
Boston	Boston (Mass.)
Brampton [Kanada]	Brampton [Kanada]
Canmore (Alberta)	Canmore (Alberta)
Champaign	Champaign
Charleston	Charleston
Colorado Springs	Colorado Springs
Darpatâ	Darpatâ
Dillenburg [Saksamaa]	Dillenburg [Saksamaa]
Dubai	Dubai
Darpatâ	Dârpatâ
Düsseldorf	Düsseldorf
Eidapere	Eidapere
Eschenburg	Eschenburg
Falköping	Falköping
Forssa	Forssa
Frankfurt am Main	Frankfurt a.M
Freising	Freising
Geneva	Genève
Göteborg	Gothenburg
Graz	Graz
Haaslava	Haaslava
Halifax	Halifax
Heide	Heide
Helmstadii	Helmstadii
Iisaku [Ida-Virumaa]	Iisaku [Ida-Virumaa]
Indianapolis	Indianapolis
Jokioinen	Jokioinen
Juminda	Juminda
Jyväskyla	Jyväskyla
Jälgimäe	Jälgimäe (Harjumaa)
Jämejala	Jämejala
Jõgeva (Eesti)	Jõgeva (Eesti)
Jõgisoo	Jõgisoo
Jõune (Jõgevamaa)	Jõune (Jõgevamaa)
Kabli	Kabli
Kaiu	Kaiu
Kanepi [Põlvamaa]	Kanepi [Põlvamaa]
Karula (Valgamaa)	Karula (Valgamaa)
Karuse	Karuse
Keibu	Keibu
Kihelkonna	Kihelkonna
Kivi-Vigala	Kivi-Vigala
Kivi-Vigala [Raplamaa]	Kivi-Vigala [Raplamaa]
Klintehamn	Klintehamn
Koigi (Järvamaa)	Koigi (Järvamaa)
Kokkola	Kokkola
Kolga-Jaani	Kolga-Jaani
Konguta (Tartumaa)	Konguta (Tartumaa)
Koolina	Koolina
Kuhjavere	Kuhjavere
Kuigatsi	Kuigatsi
Kuldīga	Kuldīga
Kuri	Kuri
Kärstna	Kärstna
Käärdi	Käärdi
Kääriku	Kääriku
Laadi (Pärnumaa)	Laadi (Pärnumaa)
Laadjala	Laadjala
Laatre	Laatre
Laitse	Laitse
Langenthal	Langenthal
Laulasmaa [Harjumaa]	Laulasmaa [Harjumaa]
Lehu (Pärnumaa)	Lehu (Pärnumaa)
Lelle (Raplamaa)	Lelle (Raplamaa)
Lidingö	Lidingö
Llangennech	Llangennech
Loodna	Loodna
Los Angeles	Los Angeles (Calif.)
Lustivere	Lustivere
Lüllemäe (Valgamaa)	Lüllemäe (Valgamaa)
Madison	Madison
Malden (Mass.)	Malden (Mass.)
Martna	Martna
Metsla	Metsla
Miskolc	Miskolc
Misso	Misso
Mooste	Mooste [Põlvamaa]
Moskva	Moscú
Mõniste	Mõniste
Nancy	Nancy
Nassau Bay (USA)	Nassau Bay (USA)
Neuwied	Neuwied
New Delhi	New Delhi
New York	New York, NY
Niagara Falls [Kanada]	Niagara Falls [Kanada]
Norman (Okla.)	Norman (Okla.)
North Vancouver	North Vancouver
Norwich	Norwich
Nõmme [Tallinn]	Nõmme [Tallinn
Nõo	Nõo [Tartumaa]
Oakland (California)	Oakland (California)
Oonurme	Oonurme
Osnabrück	Osnabrück
Osula [Võrumaa]	Osula [Võrumaa]
Palmer Lake, CO	Palmer Lake, CO
Palupera	Palupera
Penijõe [Läänemaa]	Penijõe [Läänemaa]
Perila	Perila
Pieksämäki	Pieksämäki
Poznań	Poznań
Preedi	Preedi
Pudisoo küla	Pudisoo küla
Pärsti	Pärsti
Põlvamaa	Põlvamaa
Pöide	Pöide
Peetri (Harjumaa)	Rae vald, [Peetri]
Raikküla	Raikküla
Rakke [Lääne-Virumaa]	Rakke [Lääne-Virumaa]
Randivälja	Randivälja
Randvere [Harjumaa]	Randvere küla
Slovakia	Rehwelé
Revalia	Revalia
Riisipere	Riisipere
Rostock	Rostochii
Rupsi küla	Rupsi küla
Räestu [Võrumaa]	Räestu [Võrumaa]
Tallinn	Réval
Rõngu [Tartumaa]	Rõngu [Tartumaa]
Rødovre	Rødovre
Saarijärvi	Saarijärvi
St. Petersburg	Saint-Pétersbourg
Saltsjöbaden	Saltsjöbaden
San Diego	San Diego
Sangaste	Sangaste
St. Petersburg	Sankt-Petersburg
Sargvere	Sargvere
Saverna (Põlvamaa)	Saverna (Põlvamaa)
Siimusti (Jõgevamaa)	Siimusti (Jõgevamaa)
Singapore	Singapore
Skara	Skara
Soinaste (Tartumaa)	Soinaste
Soodla	Soodla
Suurupi	Suurupi (Harjumaa)
Szentendre	Szentendre
Szombathely	Szombathely [Ungari]
Särevere	Särevere
Sääritsa	Sääritsa
Sürgavere	Sürgavere
Sürgavere (Viljandimaa)	Sürgavere (Viljandimaa)
Tabasalu	Tabasalu (Harjumaa)
Taipei	Taipei
Tallinn	Tallinn [jt.]
Tallinn	Tallinn-Reval
Tallinn	Talllinn
Tartoh	Tartoh
Tarvastu [Viljandimaa]	Tarvastu [Viljandimaa]
Te Haarlem	Te Haarlem
Terpatâ	Terpatâ
Tila	Tila
Tiskre	Tiskre
Tiskre küla	Tiskre küla
Tomsk	Tomsk
Tootsi	Tootsi
Tumba	Tumba
Tõrvandi	Tõrvandi (Tartumaa)
Türil	Türil
Türisalu	Türisalu
Urvaste [Võrumaa]	Urvaste [Võrumaa]
Uue-Kariste	Uue-Kariste
Vaeküla	Vaeküla
Varstu	Varstu
Vehendi	Vehendi
Wien	Vienna
Viinistu [Harjumaa]	Viinistu [Harjumaa]
Viiratsi	Viiratsi
Vinni (Lääne-Virumaa)	Vinni (Lääne-Virumaa)
Växjö	Växjö
Võduvere [Lääne-Virumaa]	Võduvere [Lääne-Virumaa]
Warszawa	Warschau
Washington, D.C	Washington, DC
Watford	Watford
Wedemark-Elze	Wedemark-Elze
Weissenhorn	Weissenhorn
Willimantic (Conn.)	Willimantic (Conn.)
Wismar	Wismar
Wrocław	Wroclaw
Zoetermeer	Zoetermeer
Zu Revall	Zu Revall
Kilingi-Nõmme	[Kilingi-]Nõmme
Ülenurme	Ülenurme (Tartumaa)
Łódź	Łódź
Abruka	Abruka
Alatskivi	Alatskivi [Tartumaa]
Alten Stettin	Alten Stettin
Altenstadt	Altenstadt
Aluksne	Aluksne
Alunda	Alunda
Ankara	Ankara
Anna (Järvamaa)	Anna (Järvamaa)
Antwerpen	Anvers
Arula	Arula
Aruvalla küla (Rae vald)	Aruvalla küla (Rae vald)
Αθήνα	Athens
Avignon	Avignon
Avispea	Avispea
Bad Homburg	Bad Homburg
Baltimore	Baltimore (Maryland)
Bingley	Bingley
Boca Raton	Boca Raton
Bonn-Bad Godesberg	Bonn-Bad Godesberg
Borås	Boras
Boulder	Boulder
Brackenheim	Brackenheim
Bremen	Bremen, Deutschland
Brüssel	Brussel
Bucuresti	Bucharest
Buenos Aires	Buenos Aires
Bucuresti	Bukarest
Burnaby (Kanada)	Burnaby (Kanada)
Buxheim (Allgäu)	Buxheim (Allgäu)
Calgary	Calgary
Cambridge (Mass.)	Cambridge (Mass.)
Cambridge (Mass.)	Cambridge, MA
Canberra	Canberra
Caracas	Caracas
Carmichael, California	Carmichael, California
Casani	Casani
Catthorpe Manor (Suurbritannia)	Catthorpe Manor (Suurbritannia)
Slovakia	Champaign (Ill.)
Charkow	Charkow
Chişinău	Chişinău
Copenhagen	Copenhague
Crozon	Crozon
Darlinghurst	Darlinghurst
Darmstadt-Eberstadt [Saksamaa]	Darmstadt-Eberstadt
Germany	Deutschland
Deventer	Deventer
Tartu	Dorpat :[Academia Gustaviana]
Dortmund	Dortmund
Downwood	Downwood
Baile Átha Cliath	Dublin
Eberstadt	Eberstadt
Edinburgh	Edinburgh
Edmonton	Edmonton
Ehstland	Ehstland
Eisenach	Eisenach
Eisma	Eisma
Erfurt	Erfordiae
Eschenburg	Eschenburg [Saksamaa]
Eskilstuna	Eskilstuna [Sweden]
Esku	Esku
Esslingen	Esslingen
Tallinn	Estland [Tallinn]
Faloppio	Faloppio
Falun	Falun
Firenze	Firenze
Frederick	Frederick
Frederiksberg	Frederiksberg
Gdynia	Gdynia
Genéve	Genéve
Geretsried	Geretsried
Gimo	Gimo
Greve, Taani	Greve, Taani
Guilford, Connecticut	Guilford, Connecticut
Gävle	Gävle
Götegorg	Götegorg
Haeska [Läänemaa]	Haeska [Läänemaa]
The Hague	Hague
Tallinn	Halifax [i.e. Tallinn]
Pärnu-Jaagupi	Halinga
Halis Saxonum	Halis Saxonum
Haljala (Lääne-Virumaa)	Haljala (Lääne-Virumaa)
Hamina	Hamina
Hanau	Hanau
Handimiku (Võrumaa)	Handimiku (Võrumaa)
Hanila [Läänemaa]	Hanila [Läänemaa]
Harju (Hiiumaa)	Harju (Hiiumaa)
Harju-Risti	Harju-Risti
Heiligenbeil Ostpr	Heiligenbeil Ostpr
Helme	Helme (Valgamaa)
Helme	Helme [Valgamaa]
Herjava	Herjava
Herrljunga	Herrljunga
Hilana	Hilana küla
Hillerød	Hillerød
Hoboken (N.J.)	Hoboken (N.J.)
Huddinge (Rootsi)	Huddinge (Rootsi)
Hudiksvall	Hudiksvall
Hulja (Lääne-Virumaa)	Hulja (Lääne-Virumaa)
Hummuli	Hummuli (Valgamaa)
Hummuli	Hummulis [Valgamaa]
Hurmi (Põlvamaa)	Hurmi (Põlvamaa)
Hyvinkää	Hyvinkää
Höganäs	Höganäs
Ihasalu	Ihasalu
Ingolstadt	Ingolstadt
Janakkala	Janakkala
Jelgava	Jelgavā
Jerevan	Jerevan
Juminda	Juminda [Harjumaa]
Jászberény	Jászberény
Jäneda	Jäneda (Lääne-Virumaa)
Järfalla	Järfalla
Järvaküla (Tartumaa)	Järvaküla
Järvamaa	Järvamaa
Järvselja	Järvselja
Jõeääre (Raplamaa)	Jõeääre (Raplamaa)
Jõgeva vald, Lõpe-Reimani	Jõgeva vald, Lõpe-Reimani
Jõgewal	Jõgewal
Jõiste	Jõiste
Jõõpre	Jõõpre
Jüri	Jüri [Harjumaa]
Jürjev	Jürjev
Kaagna	Kaagna
Kaarma [Saare maakond]	Kaarma [Saare maakond]
Kaaruka küla [Järvamaa]	Kaaruka küla [Järvamaa]
Sürgavere	Kabila (Viljandimaa)
Kaevere küla (Läänemaa)	Kaevere küla (Läänemaa)
Kaitsemõisa	Kaitsemõisa
Kalana [Hiiumaa]	Kalana [Hiiumaa]
Kambja [Tartumaa	Kambja [Tartumaa
Kambja [Tartumaa	Kambja [Tartumaa]
Kammeri	Kammeri
Kanepi [Põlvamaa]	Kanepi (Põlvamaa)
Karlshamn	Karlshamn
Karlstad	Karlstad
Kehra (Harjumaa)	Kehra (Harjumaa)
Kehra (Harjumaa)	Kehra [Harjumaa]
Keibu (Harjumaa)	Keibu (Harjumaa)
Keila linn	Keila linn
Kelvingi (Harjumaa)	Kelvingi
Kemiö	Kemiö
Kerava	Kerava
Kernu	Kernu
Kielce	Kielce
Kihnu (Pärnu maakond)	Kihnu (Pärnu maakond)
Kiidjärve [Põlvamaa]	Kiidjärve [Põlvamaa]
Kilingi-Nõmme	Kilingi-Nõmme (Pärnumaa)
Kiltsi [Lääne-Virumaa]	Kiltsi [Lääne-Virumaa]
Kirna	Kirna
Kolepi	Kolepi
Kolgaküla	Kolgaküla
Koppelmaa (Saue vald)	Koppelmaa (Saue vald)
Kostivere	Kostivere
Kaunas	Kowno
Krems	Krems
Kroonlinn	Kroonlinn
Krundiküla	Krundiküla
Kurepalu	Kurepalu
Kuressaare	Kuressaari
Saaremaa, [Kuressaare]	Kurresaar
Kurtna	Kurtna
Kuusalu (Harjumaa)	Kuusalu (Harjumaa)
Kämara	Kämara
Kärkna	Kärkna
Kääpa küla	Kääpa küla
Käärdi (Tartumaa)	Käärdi (Tartumaa)
Kållered	Kållered
Kõrgessaare (Hiiumaa)	Kõrgessaare (Hiiumaa)
La Laguna	La Laguna
Laadjala (Saaremaa)	Laadjala (Saaremaa)
Laatre (Valgamaa)	Laatre (Valgamaa)
Laekvere	Laekvere
Laeva	Laeva
Lagedi	Lagedi (Harjumaa)
Lahr	Lahr
Laiaküla (Harjumaa)	Laiaküla (Harjumaa)
Laimjala	Laimjala
Laitse [Harjumaa]	Laitse [Harjumaa]
Lakewood (New Jersey)	Lakewood (New Jersey)
Langensalza	Langensalza
Laupa	Laupa
Lavassaare	Lavassaare
Lemmatsi	Lemmatsi (Tartumaa)
Leppneeme (Harjumaa)	Leppneeme (Harjumaa)
Loudon (Tenn.)	Loudon (Tenn.)
Luige (Harjumaa)	Luige (Kiili vald)
Luleå	Luleå
Luua	Luua (Jõgevamaa)
Lähte	Lähte
Lähte [Tartumaa]	Lähte [Tartumaa]
Läsna (Lääne-Virumaa)	Läsna (Lääne-Virumaa)
Hanila [Läänemaa]	Lääne-Nigula
Lääne-Virumaa	Lääne-Virumaa
Jõgeva vald, Lõpe-Reimani	Lõpe [Jõgevamaa]
Lüllemäe	Lüllemäe
Maarja-Magdaleena	Maarja
Madison	Madison (Wis.)
Mallavere (Harjumaa)	Mallavere (Harjumaa)
Manila	Manila
Manniva	Manniva küla
Mantova	Mantova
Markaryd	Markaryd
Martin	Martin
Meegaste	Meegaste
Meine	Meine
Meiuste	Meiuste
Memmingen	Memmingen
Menlo Park (Calif.)	Menlo Park (Calif.)
Merseburg	Merseburg
Metsla (Järvamaa)	Metsla (Järvamaa)
Michelstadt	Michelstadt
Mihkli	Mihkli
Mooste	Mooste (Põlvamaa)
Moskva	Moscu
Moskva	Moskou
Mt. Pleasant (Mich.)	Mt. Pleasant (Mich.)
Muraste [Harjumaa]	Muraste [Harjumaa]
Mustang (Okla)	Mustang (Okla)
Tarvastu	Mustla (Viljandimaa)
Tarvastu	Mustla [Viljandimaa]
Mällikvere	Mällikvere
Märja	Märja (Tartumaa)
Mõniste	Mõniste [Võrumaa]
Mölndal (Rootsi)	Mölndal (Rootsi)
Nairobi	Nairobi
Nashville	Nashville
Naumburg	Naumburg
Niagara Falls [Kanada]	Niagara Falls (Ont.)
Norrtälje	Norrtälje
Norsborg	Norsborg
Northampton	Northampton
Nursi [Võrumaa]	Nursi [Võrumaa]
Nõva [Läänemaa]	Nõva [Läänemaa]
Obinitsa	Obinitsa (Võrumaa)
Obinitsa	Obinitsa [Võrumaa]
Odessa	Odessa
Ohtu (Harjumaa)	Ohtu (Harjumaa)
Ohtu (Harjumaa)	Ohtu [Harjumaa]
Ohtu (Harjumaa)	Ohtu küla
Oisu [Järvamaa]	Oisu [Järvamaa]
Omski	Omski
Orissaare [Saare maakond]	Orissaare [Saare maakond]
Räestu [Võrumaa]	Ossipe [Võrumaa]
Ostfildern	Ostfildern
Ostfildern	Ostfildern [Deutschland]
Osula [Võrumaa]	Osula (Võrumaa)
Otalampi	Otalampi
Otepää	Otepää [jne.]
Padise	Padise küla
Paduvere	Paduvere (Jõgevamaa)
Paikuse [Pärnumaa]	Paikuse [Pärnumaa]
Paisley (Šotimaa)	Paisley (Šotimaa)
Palade (Hiiumaa)	Palade (Hiiumaa)
Palamuse	Palamuse [Jõgevamaa]
Palmse	Palmse
Palo Alto	Palo Alto
Palo Alto	Palo Alto (Calif.)
Palo Alto	Palo Alto, CA
Parksepa	Parksepa
Paterson	Paterson
Pauastvere (Jõgevamaa)	Pauastvere (Jõgevamaa)
St. Petersburg	Peeterburis [!]
Peetri (Harjumaa)	Peetri alevik, Harjumaa
Perm	Perm
Peterhof	Peterhof
Picton (Austraalia)	Picton (Austraalia)
Pihkva	Pihkva
Piistaoja	Piistaoja
Piitsaküla	Piitsaküla
Pilistvere	Pilistvere küla
Metsakasti	Pirita [Tallinn
Pittsburgh	Pittsburgh
Pleskow	Pleskow
Pringi (Harjumaa)	Pringi (Harjumaa)
Prospect Heights (Ill.)	Prospect Heights (Ill.)
Puhja [Tartumaa]	Puhja [Tartumaa]
Puide	Puide
Puka [Valgamaa]	Puka [Valgamaa]
Puuri	Puuri
Päinurme	Päinurme
Päite	Päite
Pärnamäe	Pärnamäe (Harjumaa)
Pärsti [Viljandimaa]	Pärsti [Viljandimaa]
Põvvatu	Põvvatu
Pühajärve	Pühajärve
Pühajärve	Pühajärve [Valgamaa]
Pühaste	Pühaste
Pürksi [Läänemaa]	Pürksi (Läänemaa)
Püssi	Püssi
Raasiku	Raasiku vald
Rae (Harjumaa)	Rae (Harjumaa)
Rae	Rae vald
Raela	Raela
Raikküla [Raplamaa]	Raikküla [Raplamaa]
Reinu (Pärnumaa)	Reinu (Pärnumaa)
Rekkem [Madalmaad]	Rekkem [Madalmaad]
Reo küla	Reo (Saaremaa)
Reutlingen	Reutlingen
Reval :[s.n.]	Reval :[s.n.]
Dresden	Reval [i. e. Dresden]
Erfurt	Reval [i. e. Erfurt]
Zu Revall	Revall
Rewal	Rewal
Reykjavik	Reykjavik
Reykjavik	Reykjavík
Rihga	Rihga
Rija-linan	Rija-linan
Rijan	Rijan
Rijswijk	Rijswijk
Ristiküla	Ristiküla
Slovakia	Riverwood (N.S.W.)
Rodez	Rodez
Püünsi	Rohuneeme
Roobaka	Roobaka
Roosna-Alliku	Roosna-Alliku [Järvamaa]
Rostochi[i]	Rostochi[i]
Rudolstadt	Rudolstadt
Ruien	Ruien
Rupsi küla	Rupsi (Tartumaa)
Ruu	Ruu
Ruu küla	Ruu küla
Räestu	Räestu
Saare (Läänemaa)	Saare (Läänemaa)
Sagadi [Lääne-Virumaa]	Sagadi [Lääne-Virumaa]
Saia (Saaremaa)	Saia (Saaremaa)
Saksamaal	Saksamaal
Salme	Salme
San Jose (Calif.)	San Jose (Calif.)
Sandhem	Sandhem
Sankt Augustin	Sankt Augustin
St. Petersburg	Sankt Peterburg
Santa Barbara (Kalifornia)	Santa Barbara (Kalifornia)
Saula (Harjumaa)	Saula (Harjumaa)
Saula (Harjumaa)	Saula (Kose vald)
Saverna (Põlvamaa)	Saverna
Sawtry	Sawtry
Seljametsa	Seljametsa
Serga (Võrumaa)	Serga küla (Võrumaa)
Siegen	Siegen
Sihva [Valgamaa]	Sihva (Valgamaa)
Sihva [Valgamaa]	Sihva [Valgamaa
Siimusti	Siimusti
Silver Spring (Maryland)	Silver Spring (Maryland)
Silver Spring (Maryland)	Silver Spring, Md
Simisti	Simisti
Sinimäe	Sinimäe
Sinimäe [Ida-Virumaa]	Sinimäe [Ida-Virumaa]
Sinzig	Sinzig
Sipe (Tartumaa)	Sipe (Tartumaa)
Siuro	Siuro
Skellefteå	Skellefteå
Soitsjärve	Soitsjärve
Sopot	Sopot
St. Catharines	St. Catharines
St.Louis, Missouri	St.Louis, Missouri
Stanford (Calif.)	Stanford (Calif.)
Strängnäs	Strängnäs
Suislepa	Suislepa
Surju	Surju
Suurupi	Suurupi [Harjumaa
Svenljunga	Svenljunga
São Paulo	São Paulo
Sånga-Säby	Sånga-Säby
Sõmera	Sõmera
Sõmerpalu	Sõmerpalu (Võrumaa)
Sõmeru (Lääne-Virumaa)	Sõmeru (Lääne-Virumaa)
Tallinn	TALLINN
Taebla alevik	Taebla alevik
Taevaskoja	Taevaskoja
Taibei (Taiwan)	Taibei (Taiwan)
Tallinn	Talin
Tallinn	Tallin[n]
Tallinn	Tallinn [jne.]
Tallinn	Tallinn, Estonia
Talsingi	Talsingi
Tammevaldma (Tartumaa)	Tammevaldma (Tartumaa)
Tammiste	Tammiste
Tartu	Tartu/Dorpat
Tartu	Tartus (Dorpat)
Tarvastu [Viljandimaa]	Tarvastun [Viljandimaa]
Tel Aviv	Tel Aviv
Tempa (Hiiumaa)	Tempa (Hiiumaa)
Terpatâ	Terpata
Tbilisi	Thbilisi
Thirlmere	Thirlmere
Tila küla	Tila (Tartumaa)
Toijala	Toijala
Toila	Toila [Ida-Virumaa]
Tondi [Tallinn	Tondi [Tallinn]
Torgu	Torgu
Toronto (Ont.)	Toronto (Ont.)
Toronto (Ont.)	Toronto (Ontario)
Toruń	Toruń
Tōkyō	Tōkyō
Tristfer	Tristfer
Tsirguliina [Valgamaa]	Tsirguliina [Valgamaa]
Tudulinna	Tudulinna (Ida-Virumaa)
Tuhala	Tuhala
Turnhout	Turnhout
Tuula	Tuula
Täby	Täby
Tääksi (Viljandimaa)	Tääksi (Viljandimaa)
Tõstamaa [Pärnumaa]	Tõstamaa [Pärnumaa]
Ilmatsalu	Tüki (Tartumaa)
Türi-Alliku	Türi-Alliku
Tartu	Tērbata
Uddevalla	Uddevalla
Udine	Udine
Uzsgorod	Ungvár
Urvaste [Võrumaa]	Urvaste (Võrumaa)
Uuemõisa [Läänemaa]	Uuemõisa [Läänemaa]
Uulus [Pärnumaa	Uulus [Pärnumaa
Vahi (Tartumaa)	Vahi (Tartumaa)
Vaiatu	Vaiatu
Vaimõisa	Vaimõisa
Valgjärve	Valgjärve
Valguta	Valguta
Vana-Kariste	Vana-Kariste
Vana-Saaluse (Võrumaa)	Vana-Saaluse (Võrumaa)
Vancouver (B.C.)	Vancouver (B.C.)
Vancouver (B.C.)	Vancouver, B.C
Vara (Tartumaa)	Vara (Tartumaa)
Varbla	Varbla
Varbola	Varbola
Warszawa	Varsovie
Vastemõisa	Vastemõisa
Vatla	Vatla
Veltsa	Veltsa
Veriora	Veriora
Võru	Verro
Vienna, VA, USA	Vienna, VA, USA
Vihasoo	Vihasoo
Vihula	Vihula
Viidumäe (Saaremaa)	Viidumäe (Saaremaa)
Viljandi	Vijandi
Viljandimaa	Viljandimaa
Villevere	Villevere
Vinni (Lääne-Virumaa)	Vinni [Lääne-Virumaa]
Virve küla	Virve küla
Vodja	Vodja
Voka [Ida-Virumaa]	Voka [Ida-Virumaa]
Voore [Jõgevamaa]	Voore [Jõgevamaa]
Vädra	Vädra
Vällingby	Vällingby
Väänla (Läänemaa)	Väänla (Läänemaa)
Väätsa	Väätsa
Võnnu [Tartumaa]	Võnnu [Tartumaa]
Räestu [Võrumaa]	Võrun
Võsupere	Võsupere
Waddil	Waddil
Waterloo (Ont.)	Waterloo (Ont.)
Waterloo (Ont.)	Waterloo, Ont
Wenden	Wenden
West Vancouver	West Vancouver
West Vancouver (B.C.)	West Vancouver (B.C.)
Wittebergae	Wittebergae
Wolfenbüttel	Wolfenbüttel
Jerevan	Yerevan
Zug	Zug
[Burbank] (California)	[Burbank] (California)
Leipzig	[Leipzig]
Leipzig	in Leipzig
Tallinn	tallinn
Ängelholm	Ängelholm
Ääsmäe	Ääsmäe
Õssu	Õssu küla
Öjersjö	Öjersjö
Ülenurme	Ülenurme [Tartumaa]
Šveits	Šveits
The Hague	's-Gravenhage
Melbourne	A'Beckett St, Victoria
Aadami (Kastre vald)	Aadami (Kastre vald)
Aadmal [Hiiumaa]	Aadmal [Hiiumaa]
Aakre	Aakre
Aalborg	Aalborg
Aarau	Aarau
Aaspere	Aaspere
Aaviku	Aaviku
Aaviku küla	Aaviku küla
Aberdeen	Aberdeen
Abertawe	Abertawe
Abington	Abington
Abja-Paluoja	Abja-Paluoja (Viljandimaa)
Abja-Paluoja	Abja-Paluoja [Viljandimaa]
Aboæ	Aboæ
Absecon	Absecon
Adavere	Adavere [Jõgevamaa]
Adra küla (Harku vald)	Adra küla (Harku vald)
Aegna	Aegna
Aegviidu	Aegviidus [Harjumaa]
Agen	Agen
Ahrensburg	Ahrensburg
Aichach	Aichach
Aizpute	Aizpute
Al-Qāhirah	Al-Qāhirah
Alatskivi	Alatskivi (Tartumaa)
Alatskivi	Alatskivil
Alavere	Alavere
Albany	Albany
Albolote (Granada)	Albolote (Granada)
Albu [Järvamaa]	Albu küla
Alexandria (Virginia)	Alexandria, Virginia
Allikjärve küla	Allikjärve küla
Alliku küla	Alliku (Harjumaa
Alnarp	Alnarp
Altenburg	Altenburg
Altenstadt/Oberbayern	Altenstadt/Oberbayern
Altenstadt/Oberbayern	Altenstadt/Schongau
Altnurga [Jõgevamaa]	Altnurga [Jõgevamaa]
Amberg	Amberg
Ambla	Ambla (Järvamaa)
Ames (Iowa)	Ames (Iowa)
Amherst (Mass.)	Amherst (Massachusetts)
Amritapuri, Kerala, India	Amritapuri, Kerala, India
Andover (Conn.)	Andover (Conn.)
Ann Arbor	Ann Arbor (USA)
Annandale-on-Hudson, N.Y.	Annandale-on-Hudson, N.Y.
Anseküla	Anseküla [Saaremaa]
Antsla	Antsla [Võrumaa]
Antwerpen	Antverpiae
Ao küla (Lääne-Virumaa)	Ao küla (Lääne-Virumaa)
Apeldoorn	Apeldoorn
Aravete	Aravetel
Ardu	Ardu
Ardu [Harjumaa]	Ardu [Harjumaa]
Arendal	Arendal
Arkna	Arkna
Arkna küla (Lääne-Virumaa)	Arkna küla (Lääne-Virumaa)
Arlington	Arlington
Arnsberg	Arnsberg
Aruküla (Harjumaa)	Aruküla [Harjumaa]
Aschaffenburg	Aschaffenburg
Aseri [Ida-Virumaa	Aseri [Ida-Virumaa
Aseri [Ida-Virumaa	Aseri [Ida-Virumaa]
Ashland (Oreg.)	Ashland (Oreg.)
Askim (Rootsi)	Askim (Rootsi)
Assamalla	Assamalla (Lääne-Virumaa)
Assikvere	Assikvere
Aste [Saare maakond]	Aste [Saare maakond]
Atglen (Pa.)	Atglen (Pa.)
Αθήνα	Athènes
Atlanta	Atlanta
Atlanta	Atlanta, Ga
Aude (Harjumaa)	Aude, Harjumaa
Audru alevik	Audru alevik
Augsburg	Augsburg - Hochfeld
Augsburg	Augsburg [Saksamaa]
Augsburg	Augspurg
Aurich	Aurich
Austin	Austin
Austin	Austin, TX
Avanduse-Hirla	Avanduse-Hirla
Slovakia	AÜE
Backhofenberg	Backhofenberg
Bonn-Bad Godesberg	Bad Godesberg
Bad Orb [Saksamaa]	Bad Orb [Saksamaa]
Bad Salzuflen	Bad Salzuflen
Bad Soden-Salmünster	Bad Soden-Salmünster
Badacsonytomaj	Badacsonytomaj
Baku	Baku
Baltimore	Baltimore (Md.)
Baltimore	Baltimore (U.S.A.)
Bamberg	Bamberg
Bamberg	Bamberg [Germany]
Bannockburn (Ill.) [USA]	Bannockburn (Ill.) [USA]
Banská Bystrica	Banská Bystrica
Bargteheide	Bargteheide
Barth	Barth
Basel	Basilea
Basingstoke (Hampshire)	Basingstoke (Hampshire)
Bath	Bath
Bayreuth	Bayreuth
Beacon, N.Y	Beacon, N.Y
Beauport	Beauport
Beijing	Beijing
Belgrave (Victoria)	Belgrave (Victoria)
Belgrave (Victoria)	Belgrave (Victoria) [Austraalia
Beltsville	Beltsville
Beltsville	Beltsville (Maryland U. S. A)
Beltsville	Beltsville (Maryland)
Beltsville	Beltsville (Md.)
Bennington	Bennington
Bennington	Bennington, Vt
Berlin	Berliini
Berlin	Berlin, Germany
Berlin-Friedenau	Berlin-Friedenau
Berlin-Grunewald	Berlin-Grunewald
Berlin-Zehlendorf	Berlin-Zehlendorf
Beromünster	Beromünster
Berth	Berth
Bethesda (Md.)	Bethesda (Md.)
Beverly Hills	Beverly Hills
Bialystok	Bialystok
Bicske	Bicske
Bielefeld/Brackwede	Bielefeld/Brackwede
Bietigheim-Bissingen	Bietigheim-Bissingen
Bietlot	Bietlot
Bihać	Bihać
Binghamton (NY)	Binghamton (NY)
Bleicherode am Harz	Bleicherode am Harz
Blieskastel	Blieskastel
Bloomington (Ind.)	Bloomington, Ind
Slovakia	Boca Raton (Fla.)
Bochum	Bochum [etc]
Boda kyrkby	Boda kyrkby
Bordeaux	Bordeaux
Porvoo	Borgå
Bornholm	Bornholm
Bougival [France]	Bougival [France]
Boulder	Boulder (Colorado)
Bournemouth	Bournemouth
Bovenden bei Göttingen	Bovenden bei Göttingen
Bowling Green (Ohio)	Bowling Green (Ohio)
Boxholm	Boxholm
Brabrand	Brabrand
Brampton	Brampton
Brampton [Kanada]	Brampton (Ontario)
Slovakia	Brasiilia
Breda	Breda
Bregenz	Bregenz
Bremerhaven	Bremerhaven
Brighton	Brighton
Brisbane	Brisbane
Bristol	Bristol
Bromma	Bromma (Rootsi)
Brooklyn, NY	Brooklyn, NY
Brooklyn	Bruklina
Brunsbergae	Brunsbergae
Bucuresti	București
Buffalo	Buffalo, USA
Böhlau	Böhlau
Bühl/Baden	Bühl/Baden
Büsum	Büsum
Calcutta	Calcutta
Cambridge [etc.	Cambridge [etc.
Cambridgeshire	Cambridgeshire
Cape Town	Cape Town
Cardiff [United Kingdom]	Cardiff [United Kingdom]
Cardiff [United Kingdom]	Cardiff [etc]
Cardigan	Cardigan
Slovakia	Cardliff
Cary (NC)	Cary (NC)
Catania	Catania
Catena di Villorba	Catena di Villorba
Cēsis	Cesis
Chadstone (Victoria)	Chadstone (Victoria)
Chalfont St. Peter	Chalfont St. Peter
Slovakia	Champain (Ill.)
Charleston	Charleston [USA]
Chester Springs	Chester Springs
Chester Springs	Chester Springs, PA
Chicago (Ill.)	Chicago (Ill.)
Chichester, UK	Chichester, UK
Christchurch	Christchurch
Cincinnati [USA]	Cincinnati [USA]
Clagenfurth	Clagenfurth
Clermont-Ferrand	Clermont-Ferrand
Cobourg (Ont.)	Cobourg (Ont.)
Coburg	Coburg
Cochrane (Wis.)	Cochrane (Wis.)
College Park (Md.)	College Park (Md.)
College Station (Tex.)	College Station (Tex.)
Köln	Colonia
Columbia, Connecticut	Columbia, Connecticut
Commack	Commack
Cork, Ireland	Cork, Ireland
Cornelius (N.C.)	Cornelius (N.C.)
Costa Mesa [USA]	Costa Mesa [USA]
Coventry	Coventry
Krakow	Cracoviae
Croydon	Croydon
Cuneo	Cuneo
Curitiba	Curitiba
Cöln	Cöln
Leipzig	Cöln [i.e Leipzig]
Leipzig	Cöln [i.e. Leipzig]
Cöthen (Anhalt)	Cöthen (Anhalt)
Dallas (Tex.)	Dallas (Tex.)
Danderyd	Danderyd
Dantisci	Dantisci
Tallinn	Darinnen gedruckt [i.e. zu Reval]
Darlington	Darlington
DeKalb	DeKalb
DeKalb	DeKalb (Ill.)
The Hague	Den Haag
Denver	Denver
Detroit	Detroit
Dettelbach	Dettelbach
Mannheim	Deutschland [Mannheim]
Dijon	Dijon
Dillenburg	Dillenburg
Dillenburg [Saksamaa]	Dillenburg (Saksamaa)
Dinglingen	Dinglingen
Djupadal	Djupadal
Djursholm	Djursholm
Dobbs Ferry (New York)	Dobbs Ferry (New York)
Don Mills	Don Mills
Don Mills	Don Mills (Kanada)
Don Mills	Don Mills, Ont
Tartu	Dorpat (Estland)
Tartu	Dorpat [etc,]
Tartu	Dorpat:b[s.n.]
Tartu	Dorpat] : [s.n.
Dresden	Drezden
Duaci	Duaci
Duisburg	Duisburg
Duluth	Duluth
Durham (N.C.)	Durham (N.C.)
EU	EU
East Roseville	East Roseville
Eastleigh	Eastleigh
Ebenhausen bei München	Ebenhausen bei München
Edise (Ida-Virumaa)	Edise (Ida-Virumaa)
Edmonton	Edmonton (Alberta)
Eerikvere	Eerikvere
Käärdi (Tartumaa)	Eesti [Käärdi]
Tallinn	Eesti [Tallinn]
Voka [Ida-Virumaa]	Eesti [Voka (Ida-Virumaa)]
Eesti [p.o. Kose (Harjumaa)]	Eesti [p.o. Kose (Harjumaa)]
Tallinn	Eesti, [Tallinn
Voka [Ida-Virumaa]	Eesti, [Voka, Ida-Virumaa]
Egilsstöðum	Egilsstöðum
Eidapere	Eidapere (Raplamaa)
Einbi	Einbi
Eistvere küla	Eistvere küla
Ellamaa [Harjumaa	Ellamaa [Harjumaa
Emmaste	Emmaste
Emmaste (Hiiumaa)	Emmaste (Hiiumaa)
Emmaste (Hiiumaa)	Emmaste [Hiiumaa]
Emmaste osavald	Emmaste osavald
Emmern	Emmern
Emsdetten (Westf.)	Emsdetten (Westf.)
Emu Plains (New South Wales)	Emu Plains (New South Wales)
Tallinn	En Tallinn
Enges	Enges
Englewood Cliffs (N.J.)	Englewood Cliffs (N.J.)
Enumclaw (Wash.)	Enumclaw (Wash.)
Erala	Erala
Erastvere	Erastvere
Erlangen	Erlangen [Deutschland]
Esbjerg	Esbjerg
Esbjerg [Denmark]	Esbjerg [Denmark]
Espoo	Esbo
Eschenburg	Eschenburg (Saksamaa)
Kassari	Esiküla
Eskilstuna	Eskiltuna
Esku	Esku [Jõgevamaa]
Esku	Esku küla
Stockholm	Estocolmo
Pärnu	Estonia, [Pärnu]
Eugene (Or.)	Eugene (Or.)
Eugene (Or.)	Eugene (Ore.)
Eutin	Eutin
Evanston	Evanston
Evanston	Evanston (Ill.)
Evanston	Evanston [USA]
Farmington, Conn	Farmington, Conn
Farnham	Farnham
Fayetteville, NY	Fayetteville, NY
Fergus Falls	Fergus Falls
Footscray	Footscray
Forbushof	Forbushof
Fort Mitchell	Fort Mitchell
Fort Wayne (USA)	Fort Wayne (USA)
Frankfurt am Main	Frakfurt am Main
Frankfurt am Main	Franckfurt am Main
Franeker	Franeker
Frankenthal	Frankenthal
Frankfurt (Oder)	Frankfurt (Oder)
Frankfurt am Main	Frankfurt Am Main
Frankfurt am Main	Frankfurt Main
Frankfurt am Main	Frankfurt a. M
Slovakia	Frankfurt am Main 
Fredericia [Taani]	Fredericia [Taani]
Freiburg	Freiburg i. B
Fresno, Kalifornia	Fresno, Kalifornia
Freudenstadt	Freudenstadt
Fribourg	Fribourg
Friedewald-Dresden	Friedewald-Dresden
Friedrichshafen [Saksamaa]	Friedrichshafen [Saksamaa]
Fujimi	Fujimi
Fulham	Fulham
Færna	Færna
Gainesville	Gainesville
Gainesville	Gainesville, Fla.
Gamlingay	Gamlingay
Gand	Gand
Garden City (N.Y.)	Garden City (N.Y.)
Gargždai	Gargždai
Garmisch-Partenkirchen	Garmisch-Partenkirchen
Gatineau	Gatineau
Gatschina	Gatschina
Gebweiler	Gebweiler
Zu Revall	Gedruckt in Revall
Gävle	Gefle
Geneva	Geneve
Genova	Genova
Gand	Gent
Germantown	Germantown
Germersheim	Germersheim
Gerpinnes	Gerpinnes
Gand	Ghent
Giessen [Deutschland]	Giessen [Deutschland]
Glebe (N.S.W.)	Glebe (N.S.W.)
Glendale, Isle of Skye [United Kingdom]	Glendale, Isle of Skye [United Kingdom]
Glesborg	Glesborg
Glinde	Glinde
Gliwice	Gliwice
Glücksburg /Ostsee	Glücksburg /Ostsee
Gnadau	Gnadau
Bonn-Bad Godesberg	Godesberg
Goettingae	Goettingae
Göttingen	Goettingen
Goolwa	Goolwa
Greenwich (Conn.)	Greenwich (Conn.)
Grodzisk Mazowiecki	Grodzisk Mazowiecki
Groningen	Groningen [Netherlands]
Guangzhou	Guangzhou
Guilford, Connecticut	Guilford (Conn.)
Häädemeeste	Gutmannsbach
Győr	Győr
Göppingen	Göppingen
Güstrow	Güstrow
Haabneeme	Haabneeme (Harju maakond)
Haabneeme	Haabneeme [Harjumaa
Haarlem	Haarlem
Haavasalu	Haavasalu
Habaja	Habaja [Harjumaa]
Habana	Habana
Slovakia	Hackensack (N.J.)
Hageri [Raplamaa]	Hageri [Raplamaa]
Hagudi [Raplamaa]	Hagudi [Raplamaa]
Halifax [United Kingdom]	Halifax [United Kingdom]
Halinga [Pärnumaa]	Halinga [Pärnumaa]
Halle im Magdeburgischen	Halle im Magdeburgischen
Halliste (Viljandimaa)	Halliste (Viljandimaa)
Halliste (Viljandimaa)	Hallistes [Viljandimaa]
Halmstad	Halmstad
Halmstad	Halmstad [Rootsi]
Hamburg-Hamm	Hamburg-Hamm
Hameln	Hameln
Hamilton [Kanada]	Hamilton [Kanada]
Hamilton [Kanada]	Hamilton, Ontario
Hampton	Hampton
Hanko	Hanko
Hanko	Hanko [Soome]
Hannover-Dören	Hannover-Dören
Hannover	Hannoverae
Hannover-Dören	Hanover-Döhren
Hara küla	Hara küla
Harderovici	Harderovici
Raasiku	Harju-Jaani
Charkow	Harkiv
Harkujärve	Harku (Harjumaa)
Harmondsworth	Harmondsworth
Harrisburg (Pa.)	Harrisburg (Pa.)
Hechingen	Hechingen
Heidenheim	Heidenheim
Heimtali (Viljandimaa)	Heimtali (Viljandimaa)
Heinaste	Heinaste
Heinävesi	Heinävesi
Hellenurme	Hellenurme
Helme	Helmes [Valgamaa]
Helsinki	Helsingsfors
Helsingør	Helsingør
Helsinki	Helsinki-Helsingfors
Helsinki	Helskinki
Hemel Hempstead	Hemel Hempstead
Hengelo	Hengelo
Henley Beach	Henley Beach
Henley Beach	Henley Beach (Australia)
Herne	Herne
Hernösand	Hernösand
Herrljunga	Herrljunga [Rootsi]
Hexham	Hexham
Hildesheim	Hildesheim [etc., Deutschland]
Hillsborough (New Jersey)	Hillsborough (New Jersey)
Hillsdale, NY	Hillsdale, NY
Hindås	Hindås
Hoboken (N.J.)	Hoboken, NJ
Hoboken (N.J.)	Hoboken, New Jersey
Holdre	Holdre
Hollfeld	Hollfeld
Stockholm	Holmia
Holte (Danmark)	Holte (Danmark)
Holvandi (Põlvamaa)	Holvandi (Põlvamaa)
Holyoke	Holyoke
Hong Kong	Hong Kong
Horma	Horma
Horma	Horma (Võrumaa)
Horn bei Hamburg	Horn bei Hamburg
Horneburg	Horneburg
Houston	Houston
Houston (USA)	Houston (USA)
Houston (USA)	Houston [USA]
Hullo	Hullo
Hullo	Hullo (Vormsi)
Hummuli	Hummuli [Valgamaa]
Hundisilma [talu, Eru küla]	Hundisilma [talu, Eru küla]
Hurda [Võrumaa]	Hurda [Võrumaa]
Hyderabad	Hyderabad
Häädemeeste [Pärnumaa]	Häädemeeste [Pärnumaa]
Häätaru	Häätaru
Höör	Höör
Hørsholm	Hørsholm
Hørsholm	Hørsholm [Denmark]
Iasi	Iasi
Ibidem [Reval]	Ibidem [Reval]
Ihamaru	Ihamaru
Tartu / Ihaste	Ihaste
Iisaku [Ida-Virumaa]	Iisaku (Ida-Virumaa)
Ikla (Pärnumaa)	Ikla (Pärnumaa)
Illuka	Illuka [Ida-Virumaa]
Illuka	Illuka küla
Ilmandu	Ilmandu (Harjumaa)
Ilmandu	Ilmandu küla (Harjumaa)
Ilumäe	Ilumäe
Ingliste küla	Ingliste küla
Innsbruck-Mühlau	Innsbruck-Mühlau
Tartu	Iourieff (Dorpat)
Iowa City, IA	Iowa City, IA
Irboska	Irboska
Irvine (Calif.)	Irvine (Calif.)
Irvine (Calif.)	Irvine (California)
Istanbul	Istambul
Ithaca (N.Y.)	Ithaca (N.Y.)
Itzehoe	Itzehoe
Iurievi	Iurievi
Ivaski (Viljandimaa)	Ivaski (Viljandimaa)
Jackson	Jackson
Jackson (New Jersey)	Jackson (New Jersey)
Jakobstadt	Jakobstadt
Jaroslavl	Jaroslavl
Jaén	Jaén
Jefferson, North Carolina	Jefferson, North Carolina
Jelgava	Jelgawa
Jenae	Jenae
Jerusalem	Jeruusalemm
Joaveski küla	Joaveski küla
Johannesburg	Johannesburg
Jonsered	Jonsered
Tartu	Jourieff (Dorpat)
Tartu	Jujew (Dorpat)
Juuru	Juuru (Raplamaa)
Jyväskyla	Jyväskylässä
Jälevere	Jälevere
Jämejala (Viljandimaa)	Jämejala (Viljandimaa)
Järfalla	Järfälla
Järiste küla	Järiste küla
Slovakia	Järjehoidja
Järtsaare	Järtsaare
Järvamaa	Järva maakond
Järva-Madise [Järvamaa	Järva-Madise [Järvamaa
Järvaküla (Tartumaa)	Järvaküla (Tartumaa
Kangru alevik	Järveküla (Harjumaa)
Järvere (Võrumaa)	Järvere (Võrumaa)
Jõgeva (Eesti)	Jôgeva (Eesti)
Jõelähtme (Harjumaa)	Jõelähtme (Harjumaa)
Jõelähtme (Harjumaa)	Jõelähtme [Harjumaa
Jõelähtme (Harjumaa)	Jõelähtme küla
Jõeääre (Pärnumaa)	Jõeääre (Pärnumaa)
Laiuse	Jõgeva vald, Laiuse
Jõhvi (Ida-Virumaa)	Jõhvi (Ida-Virumaa)
Jõulumäe	Jõulumäe
Slovakia	Jõune
Jönköping	Jönköping
Jüchen	Jüchen
Kaagna küla	Kaagna küla
Kaagvere (Põlvamaa)	Kaagvere (Põlvamaa)
Kaali	Kaali
Kaarepere	Kaarepere
Kaarepere (Jõgevamaa)	Kaarepere (Jõgevamaa)
Kaarma [Saare maakond]	Kaarma (Saare maakond)
Kaarma [Saare maakond]	Kaarma [Saaremaa]
Kaasiku küla	Kaasiku küla
Kaasikvälja	Kaasikvälja
Kablaküla	Kablaküla
Kabli	Kabli [Pärnumaa
Kadrina vald	Kadrina vald
Kadrina-Loobu	Kadrina-Loobu
Kaevere	Kaevere
Kaevere küla (Läänemaa)	Kaevere (Läänemaa)
Kahtla	Kahtla
Kahula [Ida-Virumaa]	Kahula [Ida-Virumaa]
Kaigutsi	Kaigutsi (Hiiumaa)
Kairo	Kairo
Kaiserslautern	Kaiserslautern
Kaisma	Kaisma
Kakumetsa	Kakumetsa
Kalana [Hiiumaa]	Kalana (Hiiumaa)
Kalana [Hiiumaa]	Kalana küla
Kalesi (Harjumaa)	Kalesi (Harjumaa)
Tallinn	Kalevilinnas [s.o. Tallinn
Kalinal	Kalinal
Kallavere	Kallavere (Harjumaa)
Kallemäe	Kallemäe
Kalmar	Kalmar
Kalmar	Kalmar [Sweden]
Kalme (Tartumaa)	Kalme (Tartumaa)
Kaluga	Kaluga
Kamari [Jõgeva maakond]	Kamari [Jõgeva maakond]
Kamari [Jõgeva maakond]	Kamari [Jõgevamaa]
Kambja [Tartumaa	Kambja (Tartumaa)
Kanaküla	Kanaküla
Kanavere küla	Kanavere küla
Kanepi [Põlvamaa]	Kanepi [Põlvamaa
Kangasala	Kangasala
Kangasala [Soome]	Kangasala [Soome]
Kangsti	Kangsti
Kannuküla (Viljandimaa)	Kannuküla (Viljandimaa)
Kapu	Kapu
Karala (Saaremaa)	Karala (Saaremaa)
Karhula	Karhula
Karilatsi (Põlvamaa)	Karilatsi (Põlvamaa)
Karilatsi (Põlvamaa)	Karilatsi küla
Karilatsi (Põlvamaa)	Karilatsis [Põlvamaa]
Karitsa ([Raplamaa)	Karitsa ([Raplamaa)
Karja	Karja
Karjamaa [Tallinn]	Karjamaa [Tallinn]
Karksi (Viljandimaa)	Karksi (Viljandimaa)
Karksi (Viljandimaa)	Karksi [Viljandimaa]
Karlskrona	Karlskrona
Kasispea	Kasispea
Kassari [Hiiumaa]	Kassari [Hiiumaa]
Kassema	Kassema
Kassinurme [Jõgevamaa]	Kassinurme [Jõgevamaa]
Kastre	Kastre
Kata küla (Kose vald)	Kata küla
Katrineholm	Katrineholm
Kauda (Tartumaa)	Kauda (Tartumaa)
Kaukvere (Lääne-Virumaa)	Kaukvere (Lääne-Virumaa)
Kaustinen	Kaustinen
Keava	Keava
Kecskemét	Kecskemét
Kehtna	Kehtna (Harjumaa)
Kehtna	Kehtna [Raplamaa]
Keibu (Harjumaa)	Keibu küla
Kempele	Kempele
Kempen/Allgäu	Kempen/Allgäu
Kempen/Allgäu	Kempten
Kempen/Allgäu	Kempten/Allgäu
Kent Town	Kent Town
Kent Town	Kent Town [Australia]
Kherson	Kherson
Kibworth Beauchamp	Kibworth Beauchamp
Kiduspe	Kiduspe
Kiduspe [Hiiumaa]	Kiduspe [Hiiumaa]
Kiideva	Kiideva
Kiidjärve [Põlvamaa]	Kiidjärve (Põlvamaa)
Kiikla küla	Kiikla küla
Kiisa	Kiisa [Harjumaa]
Kiiu	Kiiu
Kildu [Viljandimaa]	Kildu [Viljandimaa]
Kiloni[i]	Kiloni[i]
Kirchhain	Kirchhain
Kirchzarten-Zarten	Kirchzarten-Zarten
Kirderanna	Kirderanna
Kirivere	Kirivere
Kirmsi (Põlvamaa)	Kirmsi (Põlvamaa)
Kista (Sweden)	Kista (Sweden)
Kivijärve	Kivijärve
Copenhagen	Kiøbenhavn
Klagenfurt	Klagenfurt
Clagenfurth	Klagenfurt/Celovec
Kloogaranna (Harjumaa)	Kloogaranna (Harjumaa)
Kodasema küla	Kodasema küla
Kodavere	Kodavere
Kodila - Metsküla	Kodila - Metsküla
Kodila [Raplamaa]	Kodila [Raplamaa]
Koela (Läänemaa)	Koela (Läänemaa)
Koeru (Järvamaa)	Koeru (Järvamaa)
Koeru (Järvamaa)	Koerus [Järvamaa]
Koguva	Koguva küla
Kohila (Raplamaa)	Kohila (Raplamaa)
Kohta-Järve	Kohta-Järve
Kohtla-Nõmme	Kohtla
Kohta-Järve	Kohtla- Järve
Kohtla-Nõmme [Ida-Virumaa]	Kohtla-Nõmme [Ida-Virumaa]
Kohta-Järve	Kohtla‐Järve
Koigu	Koigu
Koigu (Võrumaa)	Koigu (Võrumaa)
Koigu	Koigu küla [Valgamaa]
Koikküla (Valgamaa)	Koikküla (Valgamaa)
Koima	Koima
Koiola	Koiola
Koitjärve	Koitjärve
Kolga (Harjumaa	Kolga (Harjumaa
Kolga (Harjumaa	Kolga alevik
Kolkja (Tartumaa)	Kolkja (Tartumaa)
Koloreino (Võrumaa)	Koloreino (Võrumaa)
Konguta	Konguta
Konju	Konju
Koogi (Tartu vald)	Koogi (Tartu vald)
Kookla	Kookla
Kooraste	Kooraste
Viljandimaa	Koordi [Viljandimaa
Koper	Koper
Kose (Võrumaa)	Kose (Võrumaa)
Kottgeisering	Kottgeisering
Krakow	Krakau
Krei küla (Kose vald)	Krei küla (Kose vald)
Kristinehamn	Kristinehamn
Krootuse	Krootuse
Krylbo	Krylbo
Królewiec	Królewiec
Kuhjavere [Viljandimaa]	Kuhjavere [Viljandimaa]
Kuijõe	Kuijõe
Kuijõe küla	Kuijõe küla
Kuivastu	Kuivastu küla
Kukruse	Kukruse
Kuku	Kuku
Kuldre (Võrumaa)	Kuldre (Võrumaa)
Kulla (Viljandimaa)	Kulla (Viljandimaa)
Kullamaa [(Läänemaa)	Kullamaa [(Läänemaa)
Kullamaa [(Läänemaa)	Kullamaa [Läänemaa]
Kulmbach	Kulmbach
Kulna [Harjumaa]	Kulna [Harjumaa]
Järvamaa	Kume [Järvamaa]
Kumma [Raplamaa]	Kumma [Raplamaa]
Kuningvere	Kuningvere
Kuremaal	Kuremaal
Saaremaa, [Kuressaare]	Kuresaar [s.o. Kuressaare]
Saaremaa, [Kuressaare]	Kuressaare linn
Kuutsi	Kuutsi
Kiev	Kyiv
Kyoto	Kyoto
Käesla	Käesla
Kähri (Põlvamaa)	Kähri (Põlvamaa)
Käina	Käina (Hiiumaa)
Käsmu [Lääne-Virumaa]	Käsmu [Lääne-Virumaa]
Käsukonna (Järvamaa)	Käsukonna (Järvamaa)
Kääpa küla	Kääpa (Jõgevamaa)
Kääpa (Võrumaa)	Kääpa (Võrumaa)
Käärdi (Tartumaa)	Käärdi [Tartumaa]
Koima	Kõima
Kõinastu	Kõinastu
Kõmmaste (Harjumaa)	Kõmmaste (Harjumaa)
Kõrgessaare (Hiiumaa)	Kõrgessaare
Kõrgessaare (Hiiumaa)	Kõrgessaare [Hiiumaa
Aseri	Kõrtsialuse
Kõrveküla [Tartumaa]	Kõrveküla [Tartumaa]
Köln-Rodenkirchen	Köln-Rodenkirchen
Królewiec	Königsberg in Pr
Königsbrück	Königsbrück
Königstein in Taunus	Königstein in Taunus
Köningsberg	Köningsberg
Königstein im Taunus	Köningstein im Taunus
Copenhagen	Københaven
Copenhagen	Køobenhavn
Külitse	Külitse
Habana	La Habana
La Neuville sur Essonne	La Neuville sur Essonne
Laadi	Laadi
Laadi (Pärnumaa)	Laadi [Pärnumaa]
Laadjala (Saaremaa)	Laadjalas [Saaremaa]
Laagri [Harjumaa]	Laagri (Harjumaa)
Laguja	Laguja
Lahavere	Lahavere
Lahmuse	Lahmuse
Lahr-Dinglingen	Lahr-Dinglingen
Laimjala (Saaremaa)	Laimjala (Saaremaa)
Laiuse	Laiuse (Jõgevamaa)
Lakewood (New Jersey)	Lakewood (N. J.)
Lakewood (New Jersey)	Lakewood (N.J.)
Lakewood (New Jersey)	Lakewood, New Jersey
Lancaster (U.K.)	Lancaster (U.K.)
Lancaster, Pa.	Lancaster, Pa.
Langerma (Pärnumaa)	Langerma (Pärnumaa)
Langley, B.C.	Langley, B.C.
Slovakia	Lanham (Md.)
Larsmo	Larsmo
Larvik	Larvik
Lasva	Lasva
Lasva [Võrumaa]	Lasva [Võrumaa]
Lauka [Hiiu maakond]	Lauka [Hiiu maakond]
Laulasmaa [Harjumaa]	Laulasmaa (Harjumaa)
Laupa [Järvamaa]	Laupa [Järvamaa]
Lavassaare (Pärnumaa)	Lavassaare (Pärnumaa)
Lavassaare (Pärnumaa)	Lavassaare [Pärnumaa]
Layerthorpe	Layerthorpe
Le Carteau-Cambresis	Le Carteau-Cambresis
Lecce	Lecce
Leeds	Leeds
Leevi	Leevi
Lehetu	Lehetu
Lehmja (Harjumaa)	Lehmja (Harjumaa)
Lehtmetsa (Harju maakond)	Lehtmetsa (Harju maakond)
Leicester (Suurbritannia)	Leicester (Suurbritannia)
Leie	Leie
Jõulumäe	Leina (Pärnumaa)
Leisi [Saare maakond]	Leisi [Saare maakond]
Leisu	Leisu
Lelle (Raplamaa)	Lelle [Raplamaa]
Lemmatsi	Lemmatsi [Tartumaa]
Lemmküla	Lemmküla
Lempäälä	Lempäälä
Leeningrad [!]	Leningraad [!]
Leväsjoki	Leväsjoki
Liegnitz	Liegnitz
Liettua	Liettua
Liibavi	Liibavi
Liiva (Harjumaa)	Liiva (Harjumaa)
Liivi	Liivi
Slovakia	Limbaschos
Limburg /Lahn	Limburg /Lahn
Limburg /Lahn	Limburg/Lahn
Linaküla	Linaküla (Kihnu)
Linaküla	Linaküla (Pärnumaa)
Lindanise	Lindanise
Lindesberg	Lindesberg
Linnuse küla	Linnuse küla
Linte (Põlvamaa)	Linte (Põlvamaa)
Linte (Põlvamaa)	Linte [Põlvamaa]
Linz	Linz
Lippstadt	Lippstadt
Leipzig	Lipsiae
Lisboa	Lisboa
Liskeard	Liskeard
Lisboa	Lissabon
Livani	Livani
Lobi	Lobi
Logroño	Logroño
Lohkva	Lohkva küla
Lohusuu	Lohusuu
Lohvka	Lohvka
Loksa	Loksa (Harjumaa)
London (Ont.)	London (Ont.)
London (Ont.)	London (Ontario)
London	Londres
Loo (Harjumaa)	Loo ([Harjumaa])
Loo (Harjumaa)	Loo alevik
Los Altos (Cal.)	Los Altos (Cal.)
Los Angeles	Los Angeles (Cal.)
Los Angeles	Los Angeles, CA
Lossiküla (Valgamaa)	Lossiküla (Valgamaa)
Leuven	Lovanii
Loveland [USA]	Loveland [USA]
Loveland [USA]	Loveland, Colo
Loviisa	Loviisa
Loviisa	Lovisa
Ludza	Ludza
Luoma	Luoma
Lutike	Lutike
Lutike [Valgamaa	Lutike [Valgamaa
Luzern	Luzern
Lv́ov	Lv́ov
Lygnern	Lygnern
Lähtse	Lähtse
Lätkalu	Lätkalu
Lääneotsa	Lääneotsa
Maasi	Maasi
MacDill Air Force Base (Calif.)	MacDill Air Force Base (Calif.)
Mackay (Queensland)	Mackay (Queensland)
Macomb (Mich.)	Macomb (Mich.)
Madison	Madison (Wisc.)
Madison	Madison, Wisconsin
Madrid	Madriid
Maestricht	Maestricht
Mahwah	Mahwah
Maidenhead	Maidenhead
Maidla [Ida-Virumaa]	Maidla [Ida-Virumaa]
Majala	Majala
Malbork	Malbork
Manchester	Manchester
Manchester [USA]	Manchester [USA]
Maramaa	Maramaa
Marbach am Neckar [Deutschland]	Marbach am Neckar [Deutschland]
Marburg (Lahn)	Marburg (Lahn)
Marburg (Lahn)	Marburg a. Lahn
Marburg (Lahn)	Marburg/L
Maribor	Maribor
Mariehamn	Mariehamn
Mariupol	Mariupol
Markham, Ontario	Markham, Ontario
Marl	Marl
Marburg	Marpurg
Martna	Martna [Läänemaa]
Masala	Masala
Massiaru	Massiaru
Matsalu (Läänemaa)	Matsalu (Läänemaa)
Matsalu küla	Matsalu küla
Mauer bei Wien	Mauer bei Wien
Maywood (Ill.)	Maywood (Ill.)
Medford, MA	Medford, MA
Laadjala (Saaremaa)	Meedla
Tõravere	Meeri
Meerkerk (Holland)	Meerkerk (Holland)
Meissen	Meissen
Melle	Melle
Melle (Hannover)	Melle (Hannover)
Memphis, Tennessee	Memphis, Tennessee
Menasha, Wis.	Menasha, Wis.
Meremõisa	Meremõisa
Merivälja	Merivälja
Merrick (N.Y.)	Merrick (N.Y.)
Merrick (N.Y.)	Merrick, N.Y
Metsakasti küla [Viimsi]	Metsakasti küla [Viimsi]
Metsanurme	Metsanurme [Harjumaa]
Metsla (Järvamaa)	Metsla küla
Metstaga	Metstaga
Metzingen	Metzingen
Metzingen	Metzingen (Württ.)
Miiduranna	Miiduranna
Milano	Milan
Milano	Milan, Italy
Milford (Conn.)	Milford (Conn.)
Milford (Ohio)	Milford (Ohio)
Milton Keynes	Milton Keynes
Minneapolis	Minneapolis (Minn.)
Minneapolis	Minneapolis, MN
Mission	Mission
Mississauga	Mississauga
Misso [Võrumaa]	Misso [Võrumaa]
Missoula (Mont.)	Missoula (Mont.)
Moakow	Moakow
Moka (Raplamaa)	Moka (Raplamaa)
Monaco	Monaco
Monte Cremasco (Itaalia)	Monte Cremasco (Itaalia)
Montreuil-sous-Bois	Montreuil-sous-Bois
Moorestown	Moorestown
Moskva	Moscova
Moskva	Moscovo
Moskva	Moskvo
Moskva	Moszkva
München	Muenchen
Muhu-Suurvald	Muhu-Suurvald
Muhu-Suurvald	Muhumaa
Abja-Paluoja	Mulgimaa, [Abja-Paluoja]
Mullavere	Mullavere
Mundaring [Australia]	Mundaring [Australia]
München	Munich
Muratsi (Saaremaa)	Muratsi (Saaremaa)
Murru (Pärnumaa)	Murru (Pärnumaa)
Mustja (Võrumaa)	Mustja (Võrumaa)
Mustjala	Mustjala
Tarvastu	Mustla alevik
Mustu	Mustu
Mustvee (Jõgevamaa)	Mustvee (Jõgevamaa)
Mustvee (Jõgevamaa)	Mustvee [Jõgevamaa]
München	München
Málaga	Málaga
Mädapea	Mädapea
Mäeselja [Tartumaa]	Mäeselja [Tartumaa]
Mäetaguse (Ida-Virumaa)	Mäetaguse (Ida-Virumaa)
Mäetaguse (Ida-Virumaa)	Mäetaguse [Ida-Virumaa]
Mäksa	Mäksa
Mälivere	Mälivere
Mändjala	Mändjala
Mändjala (Saaremaa)	Mändjala (Saaremaa)
Männisalu (Põlvamaa)	Männisalu (Põlvamaa)
Mänspe (Hiiumaa)	Mänspe (Hiiumaa)
Germany	Märzfeldis [Saksamaa
Mõisaküla (Viljandimaa)	Mõisaküla (Viljandimaa)
München	München [etc.
München	München [etc]
Münchenstein [Schweiz]	Münchenstein [Schweiz]
Nabala	Nabala
Naisteväljal	Naisteväljal
Naruski	Naruski
Narva-Jõesuu	Narva Jõesuu
Leipzig	Narva [p.o. Leipzig]
Narva linn	Narva linn
Narva-Eesti	Narva-Eesti
Narva-Eesti	Narwa-Joaoru
Nashville (Tennessee)	Nashville (Tennessee)
Nassau Bay (USA)	Nassau Bay
Nassau Bay (USA)	Nassau Bay [USA
Nastola	Nastola
Naumburg	Naumburg a. S
Neckargemünd	Neckargemünd
Neeme	Neeme
Neeme	Neeme (Harjumaa)
Neeroetern	Neeroetern
Neisse	Neisse
Nela Park	Nela Park
Neubeuern/Inn	Neubeuern/Inn
Neudamm	Neudamm
Neuhausen-Stuttgart	Neuhausen-Stuttgart
Neustadt an der Aisch	Neustadt an der Aisch
Neutral Bay	Neutral Bay
New York	New  York
New Brunswick [(N.J.)]	New Brunswick [(N.J.)]
New Haven (Conn.)	New Haven (Conn.)
New Haven (Conn.)	New Haven, Conn
New Orleans	New Orleans
New Orleans	New Orleans (La)
New Rochelle (N. Y)	New Rochelle (N. Y)
New Rochelle (N. Y)	New Rochelle (N.Y.)
New Rochelle (N. Y)	New Rochelle, NY
New York	New York (N.Y.)
New York	New York (NY)
New York	New York, N.Y
New York	New york
Newark	Newark
Newberry, SC	Newberry, SC
Newcastle upon Tyne	Newcastle-upon-Tyne
Newport Beach (Calif.)	Newport Beach (Calif.)
Niagara Falls [Kanada]	Niagaara Falls (Kanada)
Niesky	Niesky
Niitvälja	Niitvälja
Nissi [Harjumaa]	Nissi [Harjumaa]
Noarootsi [Läänemaa]	Noarootsi [Läänemaa]
Norman (Okla.)	Norman (Okl.)
Norrköping (Rootsi)	Norrköping (Rootsi)
North Adelaide (South Australia)	North Adelaide (South Australia)
North Charleston, SC	North Charleston, SC
North Plympton (Australia)	North Plympton (Australia)
North Ryda (New South Wales)	North Ryda (New South Wales)
Northampton (Mass.)	Northampton (Mass.)
Norwich	Norwich [England]
Novonikolajevsk	Novonikolajevsk
Nowo-Nikolajewsk	Nowo-Nikolajewsk
Nowosibirsk	Nowosibirsk
Karksi-Nuia	Nuia
Nurme	Nurme
Nursi [Võrumaa]	Nursi (Võrumaa)
Nuutre (Viljandimaa)	Nuutre (Viljandimaa)
Nõmme [Tallinn]	Nõmme (Estland)
Nõmme-Rahumäe [Tallinn	Nõmme-Rahumäe [Tallinn
Nõmme [Tallinn]	Nõmmel
Nõmme [Tallinn]	Nõmmel [Tallinn
Nõo	Nõo (Tartumaa)
Nõo	Nõo alevik
Nõva [Läänemaa]	Nõva [Läänemaa
Nüpli küla	Nüpli küla
Oakland (California)	Oakland
Oberhausen	Oberhausen
Obinitsa	Obinitsa ... [jne. (Võrumaa)]
Obinitsa	Obinitsa küla
Oessaare (Saaremaa)	Oessaare (Saaremaa)
Ogre	Ogre
Oidrema	Oidrema
Oisu [Järvamaa]	Oisu
Old Saybrook	Old Saybrook
Old Tappan (USA, New Jersey)	Old Tappan (USA, New Jersey)
Olsztyn	Olsztyn
Olten	Olten
Omedu (Jõgevamaa)	Omedu (Jõgevamaa)
Oomiste (Tartumaa)	Oomiste (Tartumaa)
Oonurme [Ida-Virumaa]	Oonurme [Ida-Virumaa]
Oostkamp	Oostkamp
Opladen	Opladen
Orava	Orava
Örebro	Orebro
Orléans	Orléans
Vormsi	Ormsö
Oropos Attikis [Kreeka]	Oropos Attikis [Kreeka]
Oru ([Ida-Virumaa)	Oru ([Ida-Virumaa)
Osimo	Osimo
Osimo	Osimo (AN)
Osula [Võrumaa]	Osulas [Võrumaa
Otaniemi	Otaniemi
Otsa	Otsa
Ottawa (Ont.)	Ottawa (Ont.)
Otterndorf (Niederelbe)	Otterndorf (Niederelbe)
Oudova	Oudova
Ozolnieki	Ozolnieki
Paadremaa	Paadremaa
Padise	Padise [Harjumaa]
Paduvere	Paduvere (Jõgeva vald)
Pagari	Pagari
Pahuvere	Pahuvere
Paikuse [Pärnumaa]	Paikuse [Pärnumaa
Paistu (Viljandimaa)	Paistu (Viljandimaa)
Pajupea	Pajupea
Pajusti	Pajusti
Palivere	Palivere
Hanila [Läänemaa]	Palivere (Läänemaa)
Palmse	Palmse (Lääne-Virumaa)
Palupõhja (Tartumaa)	Palupõhja (Tartumaa)
Pamma	Pamma
Pangodi	Pangodi
Papsaare	Papsaare
Paris	Pariis
Parksepa	Parksepa (Võrumaa)
Parksi	Parksi
Parkville (Vic.)	Parkville (Vic.)
Parramatta	Parramatta
Partille (Rootsi)	Partille (Rootsi)
Paterson	Paterson, New Jersey
Patküla [Valgamaa]	Patküla [Valgamaa]
Paunküla (Harjumaa)	Paunküla (Harjumaa)
Pearland (Texas)	Pearland (Texas)
Pedase (Harjumaa)	Pedase (Harjumaa)
Peetri [Järvamaa]	Peetri [Järvamaa]
Beijing	Peking
Oberpahlen	Peltsamā
Penig	Penig
Penijõe [Läänemaa]	Penijõe (Läänemaa)
Penuja	Penuja
Pest	Pest
Peterborough	Peterborough
Paterson	Peterson (New Jersey)
Pfaffenhofen/Ilm	Pfaffenhofen/Ilm
Pforzheim	Pforzheim
Philadelphia (Pa.)	Philadelphia (Pa.)
Pierrefonds (Quebec)	Pierrefonds (Quebec)
St. Petersburg	Pietari
Piira	Piira
Piirsalu	Piirsalu
Piistaoja [Pärnumaa]	Piistaoja [Pärnumaa]
Pikavere [Pärnumaa]	Pikavere [Pärnumaa]
Pikkjärve küla	Pikkjärve küla
Pilkengton	Pilkengton
Pirgu	Pirgu [Raplamaa]
Plön	Plön
Polli [Viljandimaa]	Polli [Viljandimaa]
Pomáz	Pomáz
Porkuni	Porkuni (Lääne-Virumaa)
Porsa küla	Porsa küla
Port Noarlunga South (Austr.)	Port Noarlunga South (Austr.)
Port Sydney	Port Sydney
Port Townsend	Port Townsend
Portland	Portland (Oreg.)
Portland	Portland (USA)
Portland	Portland [USA]
Porwoo	Porwoo
Praaze	Praaze
Praha	Prag
Praha	Prague
Koigi (Järvamaa)	Prandi [Järvamaa]
Prange	Prange
Prangli (Harjumaa)	Prangli (Harjumaa)
Prien/Chiemsee	Prien/Chiemsee
Princeton	Princeton
Princeton (N. J.)	Princeton (N. J.)
Pringi (Harjumaa)	Pringi küla (Viimsi)
Providence	Providence
Puise	Puise
Pukamäe	Pukamäe
Pukamäe	Pukamäe küla
Pullach bei München	Pullach bei München
Puna küla	Puna küla
Purila	Purila
Purtse	Purtse
Purtse	Purtse [Ida-Virumaa
Purtsi	Purtsi
Puurmani	Puurmani (Jõgevamaa)
Puurmani	Puurmani [Jõgevamaa]
Päiksi	Päiksi
Pärispea [Harjumaa	Pärispea [Harjumaa
Pärlijõe	Pärlijõe
Pärnjõe [Pärnumaa]	Pärnjõe [Pärnumaa]
Pärnu	Pärnu (Pernau)
Pärnu	Pärnu linn
Päärna	Päärna
Pécs	Pécs
Kuusalu (Harjumaa)	Põhja küla
Audru alevik	Põldeotsa
Põlgaste	Põlgaste
Põlliku	Põlliku
Põltsamaal	Põltsamaa (Jõgevamaa)
Põltsamaal	Põltsamaa [Jõgevamaa]
Põlula [Lääne-Virumaa]	Põlula [Lääne-Virumaa]
Mooste	Põlvamaa, Mooste
Põlvamaal	Põlvamaal
Voka [Ida-Virumaa]	Pühajõe
Pühalepa	Pühalepa
Pühalepa	Pühalepa [Hiiumaa]
Quedlingen	Quedlingen
Tallinn	REVAL
Rae (Harjumaa)	Rae [Harjumaa]
Raiste	Raiste
Raja küla (Jõgevamaa)	Raja küla (Jõgevamaa)
Rakvere	Rakwere-Wesenberg
Ramsgate	Ramsgate
Randers	Randers [Taani]
Randvere [Harjumaa]	Randveres [Harjumaa]
Jõgevamaa	Ranna [Jõgevamaa]
Rannamõisa	Rannamõisa
Raplamaa	Raplamaa
Oldenburg	Rastede (Oldenburg)
Rasva (Võrumaa)	Rasva (Võrumaa)
Raudna	Raudna
Raudna [Viljandimaa]	Raudna [Viljandimaa]
Recht	Recht
Redwood City, California	Redwood City, California
Refwel	Refwel
Regensburg	Regenspurg
Rehburg-Loccum	Rehburg-Loccum
Reheselja (Hiiumaa)	Reheselja (Hiiumaa)
Reinbek bei Hamburg	Reinbek
Remagen-Oberwinter	Remagen-Oberwinter
Rennes	Rennes
Reopalu	Reopalu
Retla	Retla
Slovakia	Reval 
Tallinn	Reval - Tallinn
Tallinn	Reval :[
Tallinn	Reval [
Tallinn	Reval [Tallinn]
Tallinn	Reval,
Reval :[s.n.]	Reval,[s.n.]
Reykajvík	Reykajvík
Rezekne [Läti]	Rezekne [Läti]
Rheinbach	Rheinbach
Rheinbreitbach	Rheinbreitbach
Rian	Rian
Richmond (Victoria)	Richmond (Victoria)
Richmond (Victoria)	Richmond, Victoria
Ridala vald	Ridala vald
Riidaja	Riidaja
Riidaku küla	Riidaku küla
Riihimäki	Riihimäki
Rija linnan	Rija linnan
Rindal	Rindal
Rinteln	Rinteln
Rio de Janeiro	Rio de Janeiro
Risti (Läänemaa)	Risti (Läänemaa)
Risti (Läänemaa)	Risti [Läänemaa]
Ristil	Ristil
Ristipalo (Põlvamaa)	Ristipalo (Põlvamaa)
Riverside (Cal.)	Riverside (Cal.)
Rixensart	Rixensart
Riyadh	Riyadh
Rockville (Maryland)	Rockville (Maryland)
Rockville (Maryland)	Rockville, (Maryland)
Rocky Harbour (N.L.)	Rocky Harbour (N.L.)
Ristiküla	Roela [Lääne-Virumaa
Ristiküla	Roela [Lääne-Virumaa]
Rohuneeme (Harjumaa)	Rohuneeme (Harjumaa)
Roma	Rom
Romae ad S. Sabinae	Romae ad S. Sabinae
Slovakia	Romania
Ronne	Ronne
Roobaka	Roobaka küla (Saaremaa vald)
Roobe küla	Roobe küla
Roosiku (Võrumaa)	Roosiku (Võrumaa)
Roosna	Roosna
Rosenheim	Rosenheim
Roskilde [Denmark]	Roskilde [Denmark]
Rottenburg am Neckar	Rottenburg am Neckar
Rotterdam	Rotterdam
Rudkøbing	Rudkøbing
Ruhingu	Ruhingu (Võrumaa)
Ruhingu	Ruhingu küla
Russalka (Tallinn)	Russalka (Tallinn)
Russalu	Russalu
Ruusa [Põlvamaa]	Ruusa [Põlvamaa]
Ruusmäe	Ruusmäe
Ruusmäe	Ruusmäe (Võrumaa)
Ruusmäe	Ruusmäe [Võrumaa]
Rzeszów	Rzeszów
Räpina	Räpina (Põlvamaa)
Räpina	Räpina [Põlvamaa]
Räpina	Räpinä
Rõuge [Võrumaa]	Rõuge [Võrumaa]
Rezekne [Läti]	Rēzekne [jne.]
Leeningrad [!]	S.-Peterburg
Leeningrad [!]	S.-Petersburg
Saarbrücken [Saksamaa]	Saarbrücken [Saksamaa]
Saarbrücken [Saksamaa]	Saarbücken
Kääpa küla	Saare (Jõgevamaa)
Kääpa küla	Saare [Jõgevamaa]
Roobaka	Saaremaa, Roobaka
Saaremetsa	Saaremetsa
Saatse	Saatse
Sacramento	Sacramento
Sadala (Jõgevamaa)	Sadala (Jõgevamaa)
Saduküla	Saduküla
Sagadi [Lääne-Virumaa]	Sagadi [Lääne-Virumaa
Saia	Saia
Saint-Malo	Saint-Malo
Leeningrad [!]	Saint-Petersburg
Saku [Harjumaa]	Sakus [Harjumaa]
Salinas(California)	Salinas(California)
Salisburg	Salisburg
Salme [Saare maakond]	Salme [Saare maakond]
Salmistu	Salmistu (Harjumaa)
Salo	Salo
Saltsjö-Boo	Saltsjö-Boo
Salutaguse [Järva maakond]	Salutaguse [Järva maakond]
Sammaljoki	Sammaljoki
Sampzon	Sampzon
San Bernardino (CA)	San Bernardino (CA)
San Bernardino (CA)	San Bernardino (Calif.)
San Domenico	San Domenico
San Domenico di Fiesole	San Domenico di Fiesole
San Francisco,	San Francisco,
San Juan Capistrano (CA)	San Juan Capistrano (CA)
Sandisuu	Sandisuu
Sandomierz	Sandomierz
St. Petersburg	Sankt Petersburg
Santa Ana (Ameerika Ühendriigid)	Santa Ana (Ameerika Ühendriigid)
Santa Barbara (Kalifornia)	Santa Barbara (California)
Santa Monica (Cal.)	Santa Monica (Cal.)
Santiago de Chile	Santiago de Chile
Santiago de Compostela	Santiago de Compostela
Sargvere	Sargvere (Järvamaa)
Saru (Võrumaa)	Saru (Võrumaa)
Saru (Võrumaa)	Saru küla
Sarve	Sarve
Saunja küla (Lääne-Nigula vald)	Saunja küla (Lääne-Nigula vald)
Savimäe	Savimäe
Saviranna	Saviranna
Scarborough	Scarborough
Schaffhausen	Schaffhausen
Schlesswig	Schlesswig
Oberpahlen	Schloss Oberpahlen
Oberpahlen	Schloss-Oberpahlen
Schmalkalden	Schmalkalden
Schwarzenbeck	Schwarzenbeck
Seattle	Seattle (Wash.)
Seattle	Seattle, WA
Sejny	Sejny
Seltjarnarnes	Seltjarnarnes
Seoul	Seoul
Serga (Võrumaa)	Serga (Võrumaal)
Serga (Võrumaa)	Serga [Võrumaa]
Obinitsa	Setomaa (Obinitsa)
Sewickley, Pennsylvania	Sewickley, Pennsylvania
Sigaste	Sigaste
Sillaotsa (Tartumaa)	Sillaotsa (Tartumaa)
Sillapää	Sillapää
Silver Spring (Maryland)	Silver Spring
Silver Spring (Maryland)	Silver Spring, Maryland
Sindi [Pärnumaa	Sindi [Pärnumaa
Singapore	Singapour
Singapore	Singapur
St. Petersburg	Sint-Petersburg
Sirgu	Sirgu
Sirguvere	Sirguvere
Siuro	Siuro, Nokia
Skagen [Taani]	Skagen [Taani]
Shkup	Skopje
Skärholmen, Sweden	Skärholmen, Sweden
Sloatsburg, New York	Sloatsburg, New York
Stockholm	Sockholm
Soesaare (Põlvamaa)	Soesaare (Põlvamaa)
Sofia	Sofia
Soinaste [Tartumaa]	Soinaste [Tartumaa]
Solna (Rootsi)	Solna (Rootsi)
Sommerville, Mass	Sommerville, Mass
Soonlepa	Soonlepa
Soontaga	Soontaga
Sortavala	Sortavala
Seoul	Soul
South Croydon, Surrey	South Croydon, Surrey
Slovakia	Spain
St-Peeterburg	St-Peeterburg
St. Gallen	St. Gallen
St. Ingbert	St. Ingbert
St. Katharinen	St. Katharinen
St.Louis, Missouri	St. Louis (Mo.)
Leipzig	St. Petersburg [i.e. Leipzig]
St-Peeterburg	St. Petersburg, Florida
St. Petersburg	St.-Pétersboug[!
Menlo Park (Calif.)	Stanford (Cal.)
Stanford (Calif.)	Stanford (California)
Starnberg	Starnberg
Stavanger	Stavanger
Steglitz	Steglitz
Stockholm	Sto[c]kholm
Stockholm	Stochkholm
Stockholm	Stockholm] : [s.n.
Stockholm	Stockholm] :[s.n.
Stockholm	Stockhom
Stockport	Stockport
Stockholm	Stokholm (p.o. Stockholm)
Stolberg a.H	Stolberg a.H
Stollhamm	Stollhamm
Strasshof	Strasshof
Strängnäs	Stregnesiae
Stroud	Stroud
Stuttgart	Stutttgart
Suislepa	Suislepas [Viljandimaa]
Sutlema	Sutlema
Sutlema (Raplamaa)	Sutlema (Raplamaa)
Suure-Jaani	Suure-Jaani (Viljandimaa)
Suure-Kõpu	Suure-Kõpu
Suure-Lähtru [Läänemaa]	Suure-Lähtru [Läänemaa]
Suuremetsa	Suuremetsa
Suuremõisa	Suuremõisa
Suurpea	Suurpea
Suurupi	Suurupi [Harjumaa]
Svelvik [Norra]	Svelvik [Norra]
Syracuse (N.Y.)	Syracuse (N.Y.)
Szeged	Szeged
Szentendre [Ungari]	Szentendre [Ungari]
São Paulo	São Paolo
Sännä [Võrumaa]	Sännä [Võrumaa]
Särgla	Särgla
Sävedalen	Sävedalen
Sääsküla (Järvamaa)	Sääsküla (Järvamaa)
Sõmeru (Lääne-Virumaa)	Sõmeru [Lääne-Virumaa
Sõmeru (Lääne-Virumaa)	Sõmeru [Lääne-Virumaa]
Sõru ots	Sõru ots
Taagepera	Taagepera
Taagepera [(Valgamaa)	Taagepera [(Valgamaa)
Taagepera [(Valgamaa)	Taagepera [Valgamaa]
Taagepera [(Valgamaa)	Taageperas [Valgamaa]
Pärnu	Taaratamme talu (Pärnumaa)
Taastrup	Taastrup
Taavetti	Taavetti
Tacoma (Wash.)	Tacoma (Wash.)
Taebla alevik	Taebla [Läänemaa]
Taheva	Taheva
Takoma Park [USA]	Takoma Park [USA]
Takoma Park [USA]	Takoma Park, Md
Tallinn	TalLinn
Taldykorgan [s.o. Taldõkorgan]	Taldykorgan [s.o. Taldõkorgan]
Tali [Pärnumaa]	Tali [Pärnumaa]
Tallinn	Tallinn - Saatse
Tallinn	Tallinn ... [jne.]
Nõmme [Tallinn]	Tallinn Nõmme
Tallinn	Tallinn [etc.
Tallinn	Tallinn [etc]
Tallinn, Mustamäe	Tallinn, Mustamäe
Tallinn	Tallinn[
Tallinn	Tallinnas (Reval)
Slovakia	Talofka bei Ssaratow
Talsinki	Talsinki
Tammemäe	Tammemäe
Tammevaldma (Tartumaa)	Tammevaldma
Tammiku (Ida-Virumaa)	Tammiku (Ida-Virumaa)
Tammiste [Pärnumaa]	Tammiste [Pärnumaa]
Tammistu (Tartumaa)	Tammistu (Tartumaa)
Tammneeme	Tammneeme (Harjumaa)
Tamse [Saaremaa]	Tamse [Saaremaa]
Tapa vald	Tapa vald
Tarbja (Järvamaa)	Tarbja (Järvamaa)
Taritu [Saare maakond]	Taritu [Saare maakond]
Tarragona	Tarragona
Tarset	Tarset
Tarset	Tarset (Northumberland)
Tartu	Tarto [Tartu]
Tarto-Linan trükkitu nink müwwa Grentsiusse man	Tarto-Linan trükkitu nink müwwa Grentsiusse man
Tarto-linan	Tartolinan
Tartu	Tartu - Dorpat
Tartu	Tartu [jne.
Tartu	Tartu [jne.]
Tartu linn	Tartu linn
Tartu	Tartu(Dorpat)
Tartus :[s.n.]	Tartus :[s.n.]
Taskent	Taskent
Hämeenlinna	Tavastehus
Slovakia	Tehrpata
Tehvandi (Valgamaa)	Tehvandi (Valgamaa)
Temesvar	Temesvar
Tepelvälja	Tepelvälja
Thanh-Long	Thanh-Long
The Oaks, N.S.W	The Oaks, N.S.W
Thessaloniki	Thessaloniki
Thirlmere	Thirlmere (Austraalia)
Thun	Thun
Thunder Bay (Ont.)	Thunder Bay (Ont.)
Tiduvere küla	Tiduvere küla
Tiheda	Tiheda
Tihemetsa, Pärnumaa	Tihemetsa, Pärnumaa
Tiirimetsa	Tiirimetsa
Tiirimetsa	Tiirimetsa [Saaremaa]
Tiitsa	Tiitsa
Tiitsa	Tiitsa (Võrumaa)
Tilgu	Tilgu
Tindi (Võrumaa)	Tindi (Võrumaa)
Tobolsk [i.e. Nordhausen]	Tobolsk [i.e. Nordhausen]
Tohkri (Võru maakond)	Tohkri (Võru maakond)
Tohkri (Võru maakond)	Tohkri (Võrumaa)
Toila	Toila (Ida-Virumaa)
Toila	Toila [Ida-Virumaa
Tolworth, Surrey	Tolworth, Surrey
Tooma [Jõgevamaa]	Tooma [Jõgevamaa]
Tootsi	Tootsi (Pärnumaa)
Toronto (Ont.)	Toronto, Canada
Toronto (Ont.)	Toronto, Ont
Torrance, Calif	Torrance, Calif
Torrazza Piemonte	Torrazza Piemonte
Torshälla	Torshälla
Toruń	Toruń
Totnes	Totnes
Tournai	Tournai
Toyoake, Japan	Toyoake, Japan
Trexlertown (Pa.)	Trexlertown (Pa.)
Trier	Trier
Tromsø	Tromsø
Trondheim	Trondheim
Troyes	Troyes
Tallinn	Tryckt i Reval
Tsarskoje-Selo	Tsarskoje-Selo
Tsiistre (Võrumaa)	Tsiistre (Võrumaa)
Tsirguliina [Valgamaa]	Tsirguliina
Tsirguliina [Valgamaa]	Tsirguliina (Valgamaa)
Tsitre [Harjumaa]	Tsitre [Harjumaa]
Tucson, Ariz	Tucson, Ariz
Tuhalaane	Tuhalaane
Stockholm	Tukholmassa
Tupenurme	Tupenurme
Tupenurme (Saare maakond)	Tupenurme (Saare maakond)
Tupenurme (Saare maakond)	Tupenurme (Saaremaa)
Tupenurme (Saare maakond)	Tupenurme [Saaremaa]
Turbuneeme	Turbuneeme
Turenki	Turenki
Turkey	Turkey
Tuudi	Tuudi
Tuula (Harjumaa)	Tuula (Harjumaa)
Tuula (Harjumaa)	Tuula küla
Tvedestrand	Tvedestrand
Tyresö [Rootsi]	Tyresö [Rootsi]
Tähtvere	Tähtvere
Tänassilma	Tänassilma
Tääksi (Viljandimaa)	Tääksi
Tórshavn	Tórshavn
Tõdva	Tõdva
Tõdva küla	Tõdva küla
Tõhela	Tõhela
Tõlluste	Tõlluste
Tõmmiku	Tõmmiku
Tõnura	Tõnura
Tõrvandi	Tõrvandi alevik
Tõstamaa [Pärnumaa]	Tõstamaa (Pärnumaa)
Tõutsi	Tõutsi
Tüki	Tüki
Türju	Türju
Türju (Saaremaa)	Türju (Saaremaa)
Tokyo	Tōkyō
Tšerbakul	Tšerbakul
Slovakia	"USA aurik ""General W.M. Black"" pardal"
Uppsala	Ubsaliae
Udriku	Udriku
Uduvere/Meiuste, Saaremaa	Uduvere/Meiuste, Saaremaa
Ugandi	Ugandi
Uhtna [Lääne-Virumaa]	Uhtna [Lääne-Virumaa]
Ulila [Tartumaa]	Ulila [Tartumaa]
Ulm	Ulm
Ulm	Ulm [Deutschland]
Umbusi (Jõgevamaa)	Umbusi (Jõgevamaa)
Umbusi (Jõgevamaa)	Umbusi [Jõgevamaa
Umbusi (Jõgevamaa)	Umbusi küla
Umeå	Umea
Umeå	Umea [Rootsi]
Ungari	Ungari
Uppsala	Upsala
Uppsala	Upsaliae
Urbana (Illinois)	Urbana (Illinois)
Urbana (Illinois)	Urbana [etc.
Urumarja	Urumarja
Usquert [Holland]	Usquert [Holland]
Uudeküla	Uudeküla
Uue-Saaluse	Uue-Saaluse
Uue-Võidu	Uue-Võidu
Uuemõisa (Saaremaa)	Uuemõisa (Saaremaa)
Uuri	Uuri
Uuri küla (Harjumaa)	Uuri küla (Harjumaa)
Slovakia	Uus ja täiendatud väljaanne
Uusikaupunki	Uusikaupunki
Germany	Vacija
Vadstena	Vadstena (Rootsi)
Vaela [Harjumaa]	Vaela [Harjumaa]
Vaiatu küla	Vaiatu küla
Vaida-Aruvalla	Vaida-Aruvalla
Vaimastvere	Vaimastvere
Vaimastvere (Jõgevamaa)	Vaimastvere (Jõgevamaa)
Vaivere (Saaremaa)	Vaivere (Saaremaa)
Vajangu	Vajangu
Valgamaa	Valgamaa
Valgjärve (Põlvamaa)	Valgjärve (Põlvamaa)
Valgjärve (Põlvamaa)	Valgjärve [(Põlvamaa)
Valgjärve (Põlvamaa)	Valgjärve [Põlvamaa]
Valgjärve (Põlvamaa)	Valgjärvel [Põlvamaa]
Valgma	Valgma
Valgu [Raplamaa]	Valgu [Raplamaa]
Valguta küla	Valguta küla
Valga	Valka
Valkla (Harjumaa)	Valkla (Harjumaa)
Valkse	Valkse
Valma	Valma
Valtu	Valtu
València	València
Van Nuys (Cal.)	Van Nuys (Cal.)
Vana-Antsla	Vana-Antsla
Vana-Antsla	Vana-Antsla [Võrumaa]
Vanamõisa, Saue vald	Vanamõisa, Saue vald
Vancouver (B.C.)	Vancouver [Kanada]
Vandjala (Harjumaa)	Vandjala (Harjumaa)
Vanha-Ulvila	Vanha-Ulvila
Varbla (Pärnumaa)	Varbla (Pärnumaa)
Varnja	Varnja küla [Tartumaa]
Warszawa	Varssav
Varstu (Võrumaa)	Varstu (Võrumaa)
Vaasa	Vasa
Pajupea	Vaskjala
Vasta küla	Vasta küla
Vastse-Kuuste	Vastse-Kuuste
Vastse-Kuuste	Vastse-Kuuste (Põlvamaa)
Otepää	Vastse-Otepää
Vastseliina	Vastseliina [Võrumaa]
Vasula (Tartumaa)	Vasula
Veetka	Veetka
Tartu	Veetka - Tartu
Vejbystrand	Vejbystrand
Vejle	Vejle
Velise (Raplamaa)	Velise (Raplamaa)
Velise (Raplamaa)	Velise [Raplamaa
Veneküla (Harjumaa)	Veneküla (Harjumaa)
Venevere [Lääne-Virumaa]	Venevere [Lääne-Virumaa]
Vergi	Vergi
Veriora	Veriora [Põlvamaa]
Veskimäe	Veskimäe
Veszprem	Veszprem
Vetepere (Järvamaa)	Vetepere (Järvamaa)
Vetepere (Järvamaa)	Vetepere [Järvamaa]
Vetepere (Järvamaa)	Vetepere küla (Albu vald)
Vidrike	Vidrike (Valgamaa)
Vidrike	Vidrike küla
Vidruka	Vidruka
Vigala [Raplamaa]	Vigala [Raplamaa]
Viiburi	Viiburi
Viidumäe (Saaremaa)	Viidumäe
Viimsi (Harjumaa)	Viimsi (harjumaa)
Viimsi (Harjumaa)	Viimsi [Harjumaa
Wien	Viin
Viinistu	Viinistu
Viira (Tartumaa)	Viira (Tartumaa)
Viisu	Viisu
Viitasaari	Viitasaari
Viitka	Viitka
Viitna	Viitna (Lääne-Virumaa)
Vijayawada	Vijayawada
Vilina küla [Jõgevamaa]	Vilina küla [Jõgevamaa]
Vilivere	Vilivere
Vilnius	Vilniuys
Vilusi [Ida-Virumaa]	Vilusi [Ida-Virumaa]
Vilustõ [Põlvamaa]	Vilustõ [Põlvamaa]
Vimmerby	Vimmerby
Viru-Jaagupi [Lääne-Virumaa]	Viru-Jaagupi [Lääne-Virumaa]
Viruna (Pärnumaa)	Viruna (Pärnumaa)
Virve küla	Virve (Harjumaa)
Visela	Visela
Viterbo	Viterbo
Vitsiku küla	Vitsiku küla
Vittorio Veneto	Vittorio Veneto
Vladivostok	Vladivostok
Tabivere	Voldi
Tihemetsa	Voltveti
Vratislavi	Vratislavi
Väike-Pungerja (Ida-Virumaa)	Väike-Pungerja (Ida-Virumaa)
Väimela	Väimela [Võrumaa]
Vändra [Pärnumaa]	Vändra [Pärnumaa]
Värati [Pärnumaa]	Värati [Pärnumaa]
Västervik [Rootsi]	Västervik [Rootsi]
Vääna-Ohtu (Harjumaa)	Vääna-Ohtu (Harjumaa)
Väänla (Läänemaa)	Väänla
Väätsa	Väätsa (Järvamaa)
Väätsa	Väätsa [Järvamaa]
Vårby	Vårby
Vandjala (Harjumaa)	Võerdla
Võhma-Kabala (Viljandimaa)	Võhma-Kabala (Viljandimaa)
Võisiku	Võisiku
Võivaku (Viljandimaa)	Võivaku (Viljandimaa)
Võnnu [Tartumaa]	Võnnu (Tartumaa)
Võntküla	Võntküla
Võsupere	Võsupere (Lääne-Virumaa)
Võsupere	Võsupere küla
Võtikvere (Jõgevamaa)	Võtikvere (Jõgevamaa)
Võtikvere (Jõgevamaa)	Võtikvere [Jõgevamaa]
Vadstena	Wadstena
Wagga Wagga (N.S.W.)	Wagga Wagga (N.S.W.)
Wainuiomata	Wainuiomata
Walden, New York	Walden, New York
Walkā	Walkā
Warkworth (Ontario)	Warkworth (Ontario)
Washington, D.C	Washington (DC)
Washington, D.C	Washington, D. C
Washington, D.C	Washington, D.C.
Waterlow	Waterlow
Watford	Watford (Herts)
Wedemark [Deutschland]	Wedemark [Deutschland]
Wedemark-Elze	Wedemark-Elze [Deutschland]
Weinheim	Weinheim
Weissenhorn [Deutschland]	Weissenhorn [Deutschland]
Wellington	Wellington
Welwyn Garden City	Welwyn Garden City
Wemding	Wemding
Werdau	Werdau
Wesel	Wesel
Westport, Conn	Westport, Conn
Wetherill Park (Australia)	Wetherill Park (Australia)
Wheaton, IL	Wheaton, IL
Willimantic (Conn.)	Willimantic
Willowdale [Kanada]	Willowdale [Kanada]
Wilmington	Wilmington
Wilmington (Del.)	Wilmington (Del.)
Philadelphia (Pa.)	Wilmington-Philadelphia
Vilnius	Wilna
Vilnius	Wilno
Winchester (Mass.)	Winchester (Mass.)
Windsor	Windsor
Winnipeg	Winnipeg
Winnipeg (Manitoba)	Winnipeg (Manitoba)
Winterthur [Switzerland]	Winterthur [Switzerland]
Pärnu-Jaagupi	Wiru-Jakobi
Wittemberch [Wittenberg]	Wittemberch [Wittenberg]
Slovakia	Wittemberg
Wittenberg Lutherstadt	Wittenberg Lutherstadt
Wittenbergæ	Wittenbergæ
Slovakia	Wokingham
Worcester	Worcester
Worms	Worms
Yarraville (Vic.)	Yarraville (Vic.)
Yonkers (N.Y.)	Yonkers (N.Y.)
Tartu	Youriev (Tartu)
Zabrze	Zabrze
Zaltbommel	Zaltbommel
Zamość	Zamość
Zeulenroda	Zeulenroda
Zlín	Zlín
Zollikon	Zollikon
Zollikon	Zollikon bei Zürich
Zürich	Zuric
Abja-Paluoja	[Abja-Paluoja], Mulgimaa
Hullo	[Hullo], Vormsi
Jõhvi (Ida-Virumaa)	[Jõhvi], Ida-Virumaa
[Kareda] Järvamaa	[Kareda] Järvamaa
Kilingi-Nõmme	[Kilingi]-Nõmme
[Kundli], India	[Kundli], India
Püssi	[Lüganuse] Virumaa
[Porsa] Mulgimaa	[Porsa] Mulgimaa
Rakvere	[Rakvere,] Lääne-Virumaa
Saula (Harjumaa)	[Saula (Kose vald])
Siimusti (Jõgevamaa)	[Siimusti] (Jõgevamaa)
Tallinn	[Tallin]n
Tallinn, Mustamäe	[Tallinn] : Tallinna Raamatutrükikoda
Tihemetsa, Pärnumaa	[Tihemetsa], Pärnumaa
Tallinn	À Tallinn
Äetsä	Äetsä
Ähijärve	Ähijärve
Ähijärve [Võrumaa]	Ähijärve [Võrumaa]
Laiaküla (Harjumaa)	Äigrumäe
Äksi (Harjumaa)	Äksi (Harjumaa)
Älvsjö	Älvsjö
Ämari	Ämari
Ämmuste	Ämmuste
Ämmuste	Ämmuste [Viljandimaa]
Änniksaare	Änniksaare
Hanila [Läänemaa]	Änniste [Läänemaa]
Ääsmäe (Harjumaa)	Ääsmäe (Harjumaa)
Õvi	Õvi
Õvi (Tartumaa)	Õvi (Tartumaa)
Ömmern	Ömmern
Örebro	Örebro - Rootsi
Örebro	Örebro [Rootsi]
Örnsköldsvik [Rootsi]	Örnsköldsvik [Rootsi]
Üdruma	Üdruma
Ühtri (Hiiumaa)	Ühtri (Hiiumaa)
Ühtri (Hiiumaa)	Ühtri [Hiiumaa]
Ülenurme	Ülenurme, Kambja vald
Český Krumlov	Český Krumlov
Istanbul	İstanbul
Ķekava	Ķekava
Ķīna	Ķīna
Jerevan	Երևան
Kairo	القاهرة
Taagepera	Ala
Albu	Albu
Allika	Allika
Altsaare	Altsaare
Alu (Raplamaa)	Alu
Anna	Anna
Are	Are
Audru	Audru
Paldiski	Baltiski
Enge	Enge
Nõmme [Tallinn]	Hiiu
Jõe	Jõe
Jõgeva (Eesti)	Jõgeval
Kabala	Kabala
Kabila	Kabila
Kalana	Kalana
Kalesi	Kalesi
Kallaste	Kallaste
Kamari [Jõgeva maakond]	Kamari
Karla	Karla
Kiltsi	Kiltsi
Kingisepp	Kingisepp
Kingisepp	Kingissepp
Kloostri	Kloostri
Kohala	Kohala
Kohatu	Kohatu
Kohila (Raplamaa)	Kohila
Kose	Kose
Kotka	Kotka
Kunda	Kunda
Kuresaar	Kuresaar
Kurgja-Linnutaja	Kurgja-Linnutaja
Kuusiku	Kuusiku
Kärde	Kärde
Karla	Kärla
Käru	Käru
Kõlleste	Kõlleste
Kõo	Kõo
Suure-Kõpu	Kõpu
Kõrvemaa	Kõrvemaa
Tallinn	Külaküla (Tallinn)
Lahemaa	Lahemaa
Lelle	Lelle
Lindi	Lindi
Loksa	Loksal
Loo (Harjumaa)	Loo
Luidja [Harjumaa]	Luidja [Harjumaa]
Metsaääre küla	Metsaääre küla
Miila	Miila
Mora	Mora
Murru	Murru
Mustla küla	Mustla küla
Männisalu (Põlvamaa)	Männisalu [Saaremaa]
Määra	Määra
Mora	Mõra
Narva	Narwa
Nehatu	Nehatu
Viru-Nigula	Nigula
Riisipere	Nissi
Norra	Norra
Nurmsi küla	Nurmsi küla
Oranienbaum	Oranienbaum
Oru	Oru
Pahkla	Pahkla
Pajusi	Pajusi
Pala	Pala
Palermo	Palermo
Peraküla	Peraküla
Peri	Peri
Pärnu	Pernau
Pärnu	Pernov
Pärnu	Pernu
Petser	Petser
Petser	Petserimaa
Metsakasti	Pirita
Pori	Pori
Porsa küla	Porsa
Koiola	Pragi
Põllu küla	Põllu küla
Rahula	Rahula
Randvere	Randvere
Ratla	Ratla
Rebala	Rebala
Tallinn	Reval: [A.Simon]
Risti (Läänemaa)	Risti
Kallavere	Rootsi-Kallavere
Rootsiküla	Rootsiküla
Rujen	Rujen
Rupsi	Rupsi
Räägu	Räägu
Lalsi (Viljandimaa)	Rõika
Rõngu vald	Rõngu vald
Rõuge [Võrumaa]	Rõuge
Koloreino (Võrumaa)	Saaremaa
Koloreino (Võrumaa)	Saaremaal
Sadala	Sadala
Saka	Saka
Saksamaa	Saksamaa
Saku [Harjumaa]	Saku
Salla	Salla
Saula	Saula
Seliste	Seliste
Selja	Selja
Setomaa	Setomaa
Simuna	Simuna
Sindi	Sindi
Sipe (Tartumaa)	Sipe
Sonda	Sonda
Soomaa	Soomaa
Soome	Soome
Sulu	Sulu
Sännä [Võrumaa]	Sänna
Tallinn	Talinn
Talli	Talli
Tallinn	Tallinn [p.o. Saksamaa]
Tallinn	Tallinn/Karlsruhe
Tallinn	Tallinnassa
Tamsalu	Tamsalu vald
Tapa	Tapa
Tartu	Tarto
Tartu	Tartu [i.e. Torino]
Taru	Taru
Tilga	Tilga
Tilga	Tilga küla
Tooma	Tooma
Tori	Tori
Turba	Turba
Särevere	Türi
Vahi	Vahi
Valgu	Valgu
Valga	Valk
Vara (Tartumaa)	Vara
Värska	Verska
Vigala [Raplamaa]	Vigala vald
Viira	Viira
Võru	Viru
Voka	Voka
Vändra	Vändra
Võhma-Kabala (Viljandimaa)	Võhma
Võnnu [Tartumaa]	Võnnu
Valga	Walga
Valga	Walk
Paide	Weissenstein
Rakvere	Wesenberg
Algeria	Algeria
Austraalia	Austraalia
Austraalia	Australia
Bathurst	Bathurst
Bermagui South	Bermagui South
Granville	Granville
Greenacres, Australia	Greenacres, Australia
Rozelle	Rozelle
Sydney	Sidney
Victoria [Australia]	Victoria [Australia]
Austria	Austria
Graz	Gratz
Belgia	Belgia
Belgia	Belgium
Louvain	Louvain
Luxembourg	Luxembourg
Oxford	Oxford
Bulgaaria	Bulgaaria
Ruse	Ruse
Fredrikshavn	Fredrikshavn
Holte	Holte
Latvia	Latvia
Taani	Taani
Viiburi	Viborg
Ameerika Ühendriigid	Ameerika Ühendriigid
Araabia Ühendemiraadid	Araabia Ühendemiraadid
Barby	Barby
Bergen	Bergen
California	California
Czech Republic	Czech Republic
Dresden	Dresdenis-Fr
EU	Euroopa Liit
Great Britain	Great Britain
Herrnhut	Herrnhut
Ķīna	Hiina
Hispaania	Hispaania
Holland	Holland
India	India
Itaalia	Itaalia
Itaalia	Italy
Kosel	Kosel
Malaisia	Malaisia
Jelgava	Mitau
Morrisville	Morrisville
Narvik	Narvik
Poland	Poland
Poland	Poola
Poznań	Posen
Prantsusmaa	Prantsusmaa
San Francisco,	San Francisco
Great Britain	Suurbritannia
Sweden	Sweden
Great Britain	United Kingdom
Venemaa	Venemaa
Washington	Washington
Woodsville	Woodsville
Laagri [Harjumaa]	Alliku
Eesti	Eesti
Eesti	Estland
Eesti	Estonia
Halliste (Viljandimaa)	Halliste
Luidja [Harjumaa]	Harju
Tiskre	Harku
Jaagupi	Jaagupi
Luidja [Harjumaa]	Jäneda [Harjumaa]
Jäneda [Järvamaa]	Jäneda [Järvamaa]
Kaansoo (Raplamaa)	Kaansoo (Raplamaa)
Kangru alevik	Kangru
Karla	Karla (Harjumaa)
Koigi	Koigi
Kolga	Kolga
Kilingi-Nõmme	Kurkund-Nõmme
Kuusalu vald	Kuusalu vald
Mälivere	Käru [Raplamaa]
Laane	Laane
Lehtse [Järvamaa]	Lehtse [Järvamaa]
Pajupea	Linnumetsa (Harjumaa)
Luige (Harjumaa)	Luige
Latvia	Läti
Tallinn	Maardu [Tallinn]
Madise (Harjumaa)	Madise
Maidla	Maidla
Metsaääre (Raplamaa)	Metsaääre (Raplamaa)
Mustla	Mustla
Mõisaküla	Mõisaküla
Luidja [Harjumaa]	Mõnuka (Harjumaa)
Navesti	Navesti
Nõmme [Tallinn]	Nõmme
Pikavere	Pikavere
Pikavere küla	Pikavere küla
Polli	Polli
Puiatu	Puiatu
Pärnumaa	Pärnumaa
Rassi [Viljandimaa]	Rassi [Viljandimaa]
Saarde-Pärnu	Saarde-Pärnu
Salutaguse [Järva maakond]	Salutaguse
Sääsküla	Sääsküla
Sõmeru	Sõmeru
Tallinn - Särghaua	Tallinn - Särghaua
Turbuneeme	Turbaneeme [Harjumaa
Maardu	Uusküla
Vahastu	Vahastu
Vana-Järve	Vana-Järve
Vanamõisa	Vanamõisa
Vardja	Vardja
Viimsi vald	Viimsi vald
Väljaküla	Väljaküla
Vändra-Kurgja	Vändra-Kurgja
Oisu [Järvamaa]	Õisu
Finland	Finland
Finland	Finnland
Keuruu	Keuruu
Kärkölä	Kärkölä
Finland	Parka (Soome)
Porvoossa	Porvoossa
Rajamäki	Rajamäki
Sarvela	Sarvela
Mikkeli	St. Mikkelissä
Suolahti	Suolahti
Finland	Suomi
Tampereella	Tampereella
Vammala	Vammala
Viiburi	Viipuri
Viiburi	Wiborg
Brest	Brest
Montmorency	Montmorency
Taizé	Taizé
Altdorf	Altdorf
Baden-Baden	Baden-Baden
Barmen	Barmen
Berlin	Berolini
Bingen	Bingen
Brandenburg	Brandenburg
Kassel	Cassel
Cölln	Cölln
Deutschland [i. e. Hamburg]	Deutschland [i. e. Hamburg]
Döhren	Döhren
Ebenhausen	Ebenhausen
Eslingena	Eslingena
Frankfurt am Main	Franckfurth
Geislingen	Geislingen
Halle	Halle a. S
Heiligenstadt	Heiligenstadt
Holtland	Holtland
Königsberg	Königsberg
Leer	Leer
Lenningen	Lenningen
Liibavi	Libau
Lilienthal/Bremen	Lilienthal/Bremen
Lüneburg	Lümborg
Märzfeld	Märzfeld
Neustadt	Neustadt
Newcastle upon Tyne	Newcastle
Petersberg	Petersberg
Pfaffenhofen	Pfaffenhofen
Schleswig	Schleswig
Wittenberg Lutherstadt	Vitembergae
Weihenstephan	Weihenstephan
Wittenberg Lutherstadt	Wittenberg
Wien	in Wien
Gyoma	Gyoma
Pesth	Pesth
Delhi	Delhi
San Domenica [Italy]	San Domenica [Italy]
San Domenico	San Domenico [Italy]
Jaapan	Jaapan
Jaapan	Japan
Taejeon	Taejeon
Memel	Memel
Luxembourg	Luksemburg
Luxembourg	Luxemburg
Brüssel	Bruxellae
Latvia	Latvija
Rigæ	Rigæ
Mexico	Mexico
Mexico	México
Breda [Madalmaad]	Breda [Madalmaad]
Eerde	Eerde
Holland	Nederland
Fredericia [Taani]	Fredericia
Brunsbergae	Braunsberg
Danzig	Dantzig
Elbing	Elbing
Marienwerder	Marienwerder
Toruń	Thorn
W Warszawie	W Warszawie
Wołowiec	Wołowiec
Wrocław-Wojnowice	Wrocław-Wojnowice
Portugal	Portugal
Ponce	Ponce
Królewiec	Königsberg
Kimberley	Kimberley
Hispaania	España
Granada	Granada
València	Valencia
Zaragoza	Zaragoza
Aneby	Aneby
Enskede	Enskede
Stockholm	Holmiae
Helsingborg	Hälsingborg
Helsingborg	Hälsingborg [Rootsi]
Högbacka	Högbacka
Kungälv	Kungälv
Mores (Suecia)	Mores (Suecia)
Olofsborg	Olofsborg
Röhsska	Röhsska
Stärholmen	Stärholmen
Sundsvall	Sundsvall
Sweden	Sverige
Söderköping	Söderköping
Söderköping	Söderköping [Rootsi
[Viborg], Taani	Viborg
Väsby	Väsby
Wästerås	Wästerås
Ystad	Ystad
Åhus	Åhus
Åland	Åland
Cambridge [etc.	Cambridge
Cham	Cham
V Praze	V Praze
Ameerika Ühendriigid	USA
Ameerika Ühendriigid	United States
Alberta	Alberta
Canada	Canada
Connecticut	Connecticut
Elora	Elora
Hamilton	Hamilton
Canada	Jõekääru (Kanada)
Canada	Kanada
Kotka-Järve (Kanada)	Kotka-Järve (Kanada)
Kotkajärve	Kotkajärve
Canada	Kotkajärve(Kanada)
Markham	Markham
Mississaugas	Mississaugas
Moonstone (Kanada)	Moonstone (Kanada)
Nelson (B.C.)	Nelson (B.C.)
Ontario	Ontario
Québec	Québec
Seedrioru	Seedrioru
Canada	Seedrioru (Kanada)
Canada	Seedriorus [Kanada]
Victoria (B.C.)	Victoria (B.C.)
Warkworth	Warkworth
Abingdon	Abingdon
Brookfield	Brookfield
Burlington	Burlington
Cardiff [United Kingdom]	Cardiff [et al.]
England	England
Inglismaa	Inglismaa
Kent (England)	Kent (England)
Malden	Malden
Holland	Netherlands
Richmond	Richmond
Ameerika Ühendriigid	U.S.
Šotimaa	Šotimaa
Andover	Andover
Bayside	Bayside
Bloomington	Bloomington
Brooklyn (N.Y.)	Brooklyn (N.Y.)
Columbia	Columbia
Englewood	Englewood
Hillsborough	Hillsborough
Hillsborough	Hillsborough (USA)
Huntsville	Huntsville
Kempton [USA]	Kempton [USA]
Lakewood	Lakewood
Loveland	Loveland
Massachusetts	Massachusetts
Middletown	Middletown
Minnesota	Minnesota
New Jersey	New Jersey
Ohio	Ohio
Philadelphia (Wilmington)	Philadelphia (Wilmington)
Pierre (S.Dak.)	Pierre (S.Dak.)
Prospect Heights (Ill.)	Prospect Heights
Queens Village (New Jersey)	Queens Village (New Jersey)
Richmond	Richmond [USA]
Rochester	Rochester
Santa Ana (Ameerika Ühendriigid)	Santa Ana
Lanham	Seabrook
Seaside	Seaside
Takoma Park (Cal.)	Takoma Park (Cal.)
Ameerika Ühendriigid	U.S.A.
Ameerika Ühendriigid	United States of America
Alutaguse	Alutaguse
Kiviõli	Alutaguse (Ida-Virumaa)
Avinurme (Ida-Virumaa)	Avinurme (Ida-Virumaa)
Avinurme (Ida-Virumaa)	Avinurme [Ida-Virumaa]
Eesti Vabariik	Eesti Vabariik
Eru	Eru
Hargla	Hargla
Avinurme (Ida-Virumaa)	Ida-Virumaa
Juula	Juula
Nõmme-Rahumäe [Tallinn	Järve
Kaagvere	Kaagvere
Kaarli	Kaarli
Karksi	Karksi
Karkuse	Karkuse
Karkuse	Karkuse (Lääne-Virumaa)
Karula	Karula
Karula (Võrumaa)	Karula (Võrumaa)
Tiheda	Kasepää
Kassema	Kasteheinal [Tartu]
Kauksi	Kauksi
Kodavere (Jõgevamaa)	Kodavere (Jõgevamaa)
Kohtla vald	Kohtla vald
Kubija	Kubija
Kurista	Kurista
Kuuda	Kuuda
Kärevere	Kärevere
Kääpa	Kääpa
Kõrveküla	Kõrveküla
Kõrvemetsa [Ida-Virumaa]	Kõrvemetsa [Ida-Virumaa]
Laagri [Harjumaa]	Laagri
Mikitamäe [Põlvamaa]	Mikitamäe [Põlvamaa]
Muuga	Muuga
Kohtla-Järve	Mõisamaa küla
Neitsijärve	Neitsijärve
Nuustaku	Nuustaku
Pala [Jõgevamaa]	Pala [Jõgevamaa]
Pedaspää (Meeksi vald)	Pedaspää (Meeksi vald)
Peetri	Peetri
Peetrimõisa	Peetrimõisa
Piitsaküla	Piitsaküla (Võrumaa)
Piitsaküla	Piitsaküla [Võrumaa]
Pringi	Pringi
Puka	Puka
Pulli (Pärnumaa)	Pulli
Paide	Päide
Päide küla	Päide küla
Pala [Jõgevamaa]	Põltsamaa
Raadi	Raadi
Rakke [Lääne-Virumaa]	Rakke
Ramsi	Ramsi
Aseri [Ida-Virumaa	Rannu
Rehemetsa	Rehemetsa
Ritsiku	Ritsiku
Rohu	Rohu
Saare [vald, Kääpa]	Saare [vald, Kääpa]
Saare küla (Jõgevamaa)	Saare küla (Jõgevamaa)
Erala	Sootaga
Suigu	Suigu
Võduvere	Sääritsa [Jõgevamaa]
Sadala	Tabivere (Jõgevamaa)
Peetri (Harjumaa)	Tallinn [p.o. Tartu]
Värska	Tallinn-Värska
Tammiku	Tammiku
Värska	Tartu-Värska
Peedu	Tuuka-Peedu
Tännassilma	Tännassilma
Ulvi	Ulvi
Urvaste	Urvaste
Urvaste küla	Urvaste küla
Vahi küla	Vahi küla
Valgamaal	Valgamaal
Vanaküla	Vanaküla
Venevere	Venevere
Vigala	Vigala
Luidja [Harjumaa]	Viitna [Harjumaa]
Virumaa	Virumaa
Väljataguse küla	Väljataguse küla
Värska (Põlvamaa)	Värska (Põlvamaa)
Kubija	Võru-Kubijal
Võrumaa	Võrumaa
Äksi (Harjumaa)	Äksi
Änniksaare (Ida-Virumaa)	Änniksaare (Ida-Virumaa)
Tallinn	Таллинн
Tallinn	Таллин
Tartu	Тарту
Moskva	Москва
Riga	Рига
St. Petersburg	Петроград
Kohtla-Järve	Кохтла-Ярве
Tallinn	Таллин[н]
Kiev	Киев
Vilnius	Вильнюс
Минск	Минск
Казань	Казань
Kaunas	Каунас
Sofia	София
Pärnu	Пярну
Charkow	Харьков
Kiev	Киiв
Свердловск	Свердловск
Kiev	Київ
Sillamäe	Силламяэ
Jõhvi	Йыхви
Warszawa	Варшава
Свердловск	Екатеринбург
Chişinău	Кишинэу
Tbilisi	Тбилиси
Jelgava	Елгава
Jerevan	Ереван
Nowosibirsk	Новосибирск
Pihkva	Псков
Rakvere	Раквере
Moskva	Mосква
Йошкар-Ола	Йошкар-Ола
Jelgava	Митава
Taskent	Ташкент
Viljandi	Вильянди
Leeningrad [!]	Санктпетербург
Berlin	Берлин
Вейсенштейн	Вейсенштейн
Ruse	Русе
Tallinn	Taллин
Ижкар	Ижкар
Воронеж	Воронеж
Odessa	Одесса
Chişinău	Кишинев
Jaroslavl	Ярославль
Душанбе	Душанбе
Haapsalu	Хаапсалу
Алматы	Алматы
Kuremäe	Куремяэ
Narva-Jõesuu	Нарва-Йыэсуу
Tallinn	Tаллинн
Baku	Бакы
Võru	Выру
Либава	Либава
Shkup	Скопjе
Tartu	Taрту
Ашгабат	Ашгабат
Варна	Варна
Ижкар	Ижевск
Karlsruhe	Карлсруэ
Kroonlinn	Кронштадт
London	Лондон
New York	Нью-Йорк
Praha	Прага
Красноярск	Красноярск
Kärdla	Кярдла
Leipzig	Лейпциг
München	Мюнхен
Орел	Орел
Shkup	Скопје
Сыктывкар	Сыктывкар
Taskent	Тошкент
Kuremäe	Kуремяэ
Владимир	Владимир
Kilingi-Nõmme	Килинги-Нымме
Omsk	Омск
Paris	Париж
Oberpahlen	Пылтсамаа
Ростов-на-Дону	Ростов-на-Дону
Скривери	Скривери
Tallinn	Таллінн
Uzsgorod	Ужгород
Алматы	Алма-Ата
Baku	Баку
Valga	Валга
Зарайск	Зарайск
Кемерово	Кемерово
Kiviõli	Кивиыли
Mustvee	Муствеэ
Paide	Пайде
Пловдив	Пловдив
Саласпилс	Саласпилс
Саратов	Саратов
Смоленск	Смоленск
Тверь	Тверь
Улаанбаатар	Улаанбаатар
Kherson	Херсон
Leeningrad [!]	В Санктпетербурге
Горький	Горький
Днепропетровск	Днепропетровск
Illuka	Иллука
Kiev	Кiев
Kuressaare	Курессааре
Львов	Львов
Новгород	Новгород
Nõmme [Tallinn]	Нымме
Leeningrad [!]	Спб
Stockholm	Стокгольм
Tallinn	Тallinn
Tallinn	Талiн
Улан-Удэ	Улан-Удэ
Астрахань	Астрахань
Beograd	Белград
Beograd	Београд
Varbuse	Варбусе
Великие Луки	Великие Луки
Витебск	Витебск
Вологда	Вологда
Värska	Вярска
Helsinki	Гельсингфорс
Гомель	Гомель
Гродно	Гродно
Jädivere (Raplamaa)	Естонія [Jädivere küla]
Жодино	Жодино
Иваново	Иваново
Vilusi [Ida-Virumaa]	Ида-Вирумаа
Казань	Казан
Kingisepp	Кингиссепп
Kolkja (Tartumaa)	Колкья - Тарту
Кузьминки	Кузьминки
Куркунд-Немме	Куркунд-Немме
Lv́ov	Львiв
Maardu	Маарду
Обнинск	Обнинск
St. Petersburg	Петрогад
Petroskoi	Петрозаводск
Petseri	Печоры
Põltsamaal	Пыльтсамаа
Ruse	Русе (Bulgaaria)
Рязань	Рязань
Saue	Сауэ
Симферополь	Симферополь
Таганрог	Таганрог
Tallinn	Таллiн
Tallinn	Таллiнн
Tallinn	Таллиин
Tallinn	Таллин[н
Tapa	Тапа
Tel Aviv	Тель-Авив
Tomsk	Томск
Тула	Тула
Уфа	Уфа
Харбин	Харбин
Челябинск	Челябинск
Шупашкар	Шупашкар
Tallinn	Эстония, Таллинн
Tallinn	Tallinn (Ревель)
Абя	Абя
Ашгабат	Ашхабад
Ашгабат	Ащгабат
Б.м	Б.м
Балашиха	Балашиха
Барнаул	Барнаул
Бендеры	Бендеры
Bratislava	Братислава
Brüssel	Брюссель
Брянск	Брянск
Bucuresti	Бухарест
Tartu	В Дерпте
Vändra [Pärnumaa]	Вана-Вяндра
Велико-Търново	Велико-Търново
Vladivostok	Владивосток
Волгоград	Волгоград
Гапсaль	Гапсaль
Gatschina	Гатчина
Heidelberg	Гейдельберг
Дзержинск	Дзержинск
Днiпропетровськ	Днiпропетровськ
Долгопрудный	Долгопрудный
Донецк	Донецк
Дубровицы (Моск. обл.)	Дубровицы (Моск. обл.)
Дубровицы (Моск. обл.)	Дубровицы (Московская обл.)
Душаньбе	Душаньбе
ЕС	ЕС
Днепропетровск	Екатеринослав
Geneva	Женева
Житомир	Житомир
Jerusalem	Иерусалим
Иркутск	Иркутск
Ичня	Ичня
Jõgeva	Йыгева
Кавасту	Кавасту
Królewiec	Калининград
Kaluga	Калуга
Kanepi	Канепи
Кассари	Кассари
Kiev	Киiев
Kilingi-Nõmme	Килинги-Немме
Kingisepp	Кингисепп
Chişinău	Кишинеу
Клин	Клин
Колывань	Колывань
Кострома	Кострома
Кунгур	Кунгур
Куркунд-Немме	Кургунд-Немме
Kurtna	Куртна
Куру	Куру
Кяхта	Кяхта
Tsarskoje-Selo	Ленинград-Пушкин
Lohusuu	Лохусуу
Лужицы	Лужицы
Львов	Львів
Магадан	Магадан
Махачкала	Махачкала
Moskva	Мовква
Могилев	Могилев
Moskva	Москва [и т.д.]
Минск	Мінск
Narva-Eesti	Нарва (Эстония)
Куркунд-Немме	Немме
Нижный Архыз	Нижный Архыз
Николаев	Николаев
Noarootsi [Läänemaa]	Ноароотси
Новочеркасск	Новочеркасск
Новый Петергоф	Новый Петергоф
Оренбург	Оренбург
Остров	Остров
Paldiski	Палдиски
Palo Alto	Пало-Алто
Perm	Пермь
Peetri (Harjumaa)	Пеэтри (Harjumaa)
Полтава	Полтава
Poland	Польщi
Пущино	Пущино
Pärnu	Пярну, Эстония
Резекне	Резекне
Ростов-На-Дону	Ростов-На-Дону
Roela	Роэла
Самохваловичи	Самохваловичи
Саранск	Саранск
Сергиев Посад [Россия]	Сергиев Посад [Россия]
Скарятино	Скарятино
Сухуми	Сухуми
Tartu	ТАрту
Tabasalu	Табасалу
Tallinn	Талин
Tallinn	Таллиинн
Tallinn	Таллин(н)
Tallinn	Таллинн [и т.д.]
Tallinn	Таллинн, Эстония
Tallinn	Таллиннъ
Tallinn	Талллин
Tallinn	Талллинн
Tartu	Тарту (Эстония)
Tartu	Тарту :(B
Tartu	Тарту [Эстонский научно-исследовательский институт животноводства и ветеринарии]
Тобольск	Тобольск
Тыравере	Тыравере
Тюмень	Тюмень
Улаан-баатар	Улаан-баатар
Улаан-баатар	Улан-баатар
Горький	Феллинн
Frankfurt am Main	Франкфурт на Майне
Хабаровск	Хабаровск
Helsinki	Хельсинки
Slovakia	Цикмä
Цхинвали	Цхинвали
Черновцы	Черновцы
Черноголовка	Черноголовка
Черноголовка (Моск. обл.)	Черноголовка (Моск. обл.)
Эзель	Эзель
Narva-Eesti	Эстония [i.e. Нарва]
Narva-Eesti	Эстония [Нарва]
Poland	в Польше
Vilnius	вильнюс
Tallinn	Helsinki [i.e. Таллинн]
Tallinn	[Таллин : Горьковский государственный университет]
Академия наук Эстонии	Академия наук Эстонии
Валк	Валк
Rakvere	Везенберг
Võru	Верро
Вольмар	Вольмар
Tartu	Дерпт
Кюндя	Кюндя
Narva	Нарва
Narva-Jõesuu	Нарва-Йыэсуу (Усть-Нарва)
Põltsamaal	Оберпален
Pärnu	Пернов
Petseri	Петсери
Petser	Печеры
Tallinn	Ревель
Saku [Harjumaa]	Саку
Tallinn	Талинн
Tallinn	Таллинн (Ревель)
Tallinn	Таллинн-Ревель
Särevere	Тюри
Narva-Jõesuu	Усть-Нарва
Viljandi	Феллин
Харку	Харку
Elva	Эльва
Tallinn	г. Ревель
Мiнск	Мiнск
India	Индия
Тверь	Калинин
Кегель	Кегель
St. Petersburg	Ленинград
Poland	Польша
Poland	Польща
St. Petersburg	С.-Петербург
Pärnumaa	Лаади (Pärnumaa)
Mõisaküla	Суурупи [Харьюмаа
Eesti	Эстония
Finland	Финляндия
Тифлис	Тифлис
Корнталь	Корнталь
Фрунзе	Фрунзе
Кайнар	Кайнар
Vilnius	Вильна
Вятка	Вятка
Келломяки	Келломяки
Куйбышев	Куйбышев
Малаховка	Малаховка
Порт-Артур	Порт-Артур
Tsarskoje-Selo	Пушкин
Venemaa	Россия
Украина	Украина
Sassukvere (Jхgevamaa)	Sassukvere (Jхgevamaa)
Valga	Валка
Võrumaa	Кюндя (Võrumaa)
Oru	Ору
Avinurme (Ida-Virumaa)	Ору (Ida-Virumaa)
Narva-Jõesuu	Усть-Нарова
